task_type,scheduled_hour,day_of_week,duration,previous_completion_rate,previous_task_status,activity_level,sleep_duration,user_preference,availability,completed,data_source
MEDITATION,20,2,30,0.69,SKIPPED,MODERATELY_ACTIVE,7.1,1.0,1,1,SYNTHETIC_DEVELOPMENT_SAMPLE
EXERCISE,8,5,10,0.77,SKIPPED,VERY_ACTIVE,6.1,1.0,1,0,SYNTHETIC_DEVELOPMENT_SAMPLE
MEAL,17,0,15,0.7,SKIPPED,VERY_ACTIVE,6.1,0.7,1,0,SYNTHETIC_DEVELOPMENT_SAMPLE
HYDRATION,17,6,60,0.6,NONE,MODERATELY_ACTIVE,5.5,1.0,1,0,SYNTHETIC_DEVELOPMENT_SAMPLE
MEAL,9,0,60,0.83,COMPLETED,LIGHTLY_ACTIVE,7.5,0.7,0,1,SYNTHETIC_DEVELOPMENT_SAMPLE
EXERCISE,13,6,15,0.55,SKIPPED,VERY_ACTIVE,6.4,1.0,1,0,SYNTHETIC_DEVELOPMENT_SAMPLE
MEAL,15,3,15,0.93,SKIPPED,VERY_ACTIVE,8.1,0.7,0,1,SYNTHETIC_DEVELOPMENT_SAMPLE
EXERCISE,13,4,20,0.48,NONE,VERY_ACTIVE,7.4,1.0,0,0,SYNTHETIC_DEVELOPMENT_SAMPLE
MEDITATION,18,0,15,0.41,COMPLETED,MODERATELY_ACTIVE,4.9,1.0,1,0,SYNTHETIC_DEVELOPMENT_SAMPLE
EXERCISE,22,2,30,0.69,SKIPPED,MODERATELY_ACTIVE,5.6,1.0,1,0,SYNTHETIC_DEVELOPMENT_SAMPLE
BREAK,14,3,15,0.34,NONE,MODERATELY_ACTIVE,5.3,0.7,0,0,SYNTHETIC_DEVELOPMENT_SAMPLE
MEDITATION,20,5,30,0.77,MISSED,SEDENTARY,8.0,1.0,1,0,SYNTHETIC_DEVELOPMENT_SAMPLE
EXERCISE,18,2,10,0.71,RESCHEDULED,SEDENTARY,8.3,1.0,1,1,SYNTHETIC_DEVELOPMENT_SAMPLE
MEAL,16,4,15,0.35,MISSED,MODERATELY_ACTIVE,7.2,0.7,1,1,SYNTHETIC_DEVELOPMENT_SAMPLE
BREAK,18,5,20,0.87,RESCHEDULED,VERY_ACTIVE,8.8,0.7,1,0,SYNTHETIC_DEVELOPMENT_SAMPLE
MEDITATION,6,0,15,0.58,RESCHEDULED,SEDENTARY,7.4,1.0,1,1,SYNTHETIC_DEVELOPMENT_SAMPLE
EXERCISE,13,2,20,0.44,MISSED,LIGHTLY_ACTIVE,7.7,1.0,0,0,SYNTHETIC_DEVELOPMENT_SAMPLE
MEAL,14,3,20,0.93,RESCHEDULED,VERY_ACTIVE,7.0,0.7,0,1,SYNTHETIC_DEVELOPMENT_SAMPLE
MEAL,22,4,15,0.32,COMPLETED,LIGHTLY_ACTIVE,6.4,0.7,1,0,SYNTHETIC_DEVELOPMENT_SAMPLE
BREAK,7,4,20,0.94,RESCHEDULED,MODERATELY_ACTIVE,7.2,0.7,1,0,SYNTHETIC_DEVELOPMENT_SAMPLE
EXERCISE,11,4,20,0.71,MISSED,MODERATELY_ACTIVE,6.0,1.0,0,1,SYNTHETIC_DEVELOPMENT_SAMPLE
MEAL,9,2,30,0.83,RESCHEDULED,VERY_ACTIVE,6.5,0.7,0,1,SYNTHETIC_DEVELOPMENT_SAMPLE
BREAK,13,6,45,0.39,RESCHEDULED,SEDENTARY,6.8,0.7,1,0,SYNTHETIC_DEVELOPMENT_SAMPLE
SLEEP_ROUTINE,22,1,60,0.93,NONE,SEDENTARY,7.9,0.7,1,0,SYNTHETIC_DEVELOPMENT_SAMPLE
EXERCISE,14,2,30,0.85,RESCHEDULED,VERY_ACTIVE,8.3,1.0,0,0,SYNTHETIC_DEVELOPMENT_SAMPLE
BREAK,9,5,30,0.68,COMPLETED,MODERATELY_ACTIVE,6.9,0.7,1,0,SYNTHETIC_DEVELOPMENT_SAMPLE
MEDITATION,19,1,20,0.59,NONE,SEDENTARY,5.6,1.0,1,0,SYNTHETIC_DEVELOPMENT_SAMPLE
HYDRATION,8,0,15,0.65,MISSED,MODERATELY_ACTIVE,7.2,1.0,1,1,SYNTHETIC_DEVELOPMENT_SAMPLE
MEDITATION,11,5,20,0.88,MISSED,MODERATELY_ACTIVE,7.2,1.0,1,0,SYNTHETIC_DEVELOPMENT_SAMPLE
MEAL,10,3,30,0.48,MISSED,VERY_ACTIVE,8.9,0.7,0,0,SYNTHETIC_DEVELOPMENT_SAMPLE
EXERCISE,19,4,45,0.79,NONE,VERY_ACTIVE,7.9,1.0,1,1,SYNTHETIC_DEVELOPMENT_SAMPLE
BREAK,6,2,15,0.66,SKIPPED,MODERATELY_ACTIVE,4.9,0.7,1,0,SYNTHETIC_DEVELOPMENT_SAMPLE
EXERCISE,20,5,20,0.47,SKIPPED,LIGHTLY_ACTIVE,8.3,1.0,1,1,SYNTHETIC_DEVELOPMENT_SAMPLE
HYDRATION,12,4,15,0.57,SKIPPED,SEDENTARY,6.7,1.0,0,0,SYNTHETIC_DEVELOPMENT_SAMPLE
EXERCISE,12,0,20,0.43,RESCHEDULED,MODERATELY_ACTIVE,5.8,1.0,0,0,SYNTHETIC_DEVELOPMENT_SAMPLE
MEAL,22,3,10,0.5,MISSED,VERY_ACTIVE,5.4,0.7,1,0,SYNTHETIC_DEVELOPMENT_SAMPLE
SLEEP_ROUTINE,17,3,20,0.36,NONE,VERY_ACTIVE,10.0,0.7,1,0,SYNTHETIC_DEVELOPMENT_SAMPLE
HYDRATION,18,1,20,0.51,COMPLETED,VERY_ACTIVE,9.4,1.0,1,1,SYNTHETIC_DEVELOPMENT_SAMPLE
MEAL,10,1,60,0.84,COMPLETED,VERY_ACTIVE,5.8,0.7,0,0,SYNTHETIC_DEVELOPMENT_SAMPLE
MEDITATION,21,0,30,0.48,NONE,MODERATELY_ACTIVE,6.8,1.0,1,1,SYNTHETIC_DEVELOPMENT_SAMPLE
MEAL,8,3,20,0.4,COMPLETED,SEDENTARY,6.9,0.7,1,1,SYNTHETIC_DEVELOPMENT_SAMPLE
MEAL,12,3,15,0.58,SKIPPED,LIGHTLY_ACTIVE,9.4,0.7,0,0,SYNTHETIC_DEVELOPMENT_SAMPLE
SLEEP_ROUTINE,15,1,45,0.63,NONE,SEDENTARY,7.0,0.7,0,0,SYNTHETIC_DEVELOPMENT_SAMPLE
BREAK,17,1,20,0.38,NONE,MODERATELY_ACTIVE,7.3,0.7,1,0,SYNTHETIC_DEVELOPMENT_SAMPLE
MEAL,6,0,30,0.43,NONE,SEDENTARY,6.5,0.7,1,1,SYNTHETIC_DEVELOPMENT_SAMPLE
MEAL,22,1,15,0.85,SKIPPED,LIGHTLY_ACTIVE,5.7,0.7,1,0,SYNTHETIC_DEVELOPMENT_SAMPLE
MEDITATION,9,1,30,0.71,NONE,VERY_ACTIVE,8.2,1.0,0,0,SYNTHETIC_DEVELOPMENT_SAMPLE
EXERCISE,14,2,60,0.57,SKIPPED,SEDENTARY,8.0,1.0,0,0,SYNTHETIC_DEVELOPMENT_SAMPLE
MEDITATION,10,3,20,0.79,COMPLETED,MODERATELY_ACTIVE,8.8,1.0,0,0,SYNTHETIC_DEVELOPMENT_SAMPLE
SLEEP_ROUTINE,22,3,10,0.89,RESCHEDULED,SEDENTARY,7.2,0.7,1,1,SYNTHETIC_DEVELOPMENT_SAMPLE
BREAK,20,4,10,0.69,RESCHEDULED,MODERATELY_ACTIVE,6.8,0.7,1,0,SYNTHETIC_DEVELOPMENT_SAMPLE
BREAK,19,6,10,0.78,NONE,MODERATELY_ACTIVE,7.5,0.7,1,1,SYNTHETIC_DEVELOPMENT_SAMPLE
BREAK,14,1,30,0.86,NONE,VERY_ACTIVE,6.6,0.7,0,1,SYNTHETIC_DEVELOPMENT_SAMPLE
BREAK,21,4,20,0.83,COMPLETED,SEDENTARY,7.5,0.7,1,0,SYNTHETIC_DEVELOPMENT_SAMPLE
MEDITATION,17,5,30,0.46,MISSED,MODERATELY_ACTIVE,5.3,1.0,1,0,SYNTHETIC_DEVELOPMENT_SAMPLE
MEAL,13,4,30,0.78,MISSED,SEDENTARY,6.7,0.7,0,1,SYNTHETIC_DEVELOPMENT_SAMPLE
MEAL,22,0,45,0.45,SKIPPED,VERY_ACTIVE,7.3,0.7,1,0,SYNTHETIC_DEVELOPMENT_SAMPLE
EXERCISE,16,3,10,0.66,RESCHEDULED,SEDENTARY,7.7,1.0,1,1,SYNTHETIC_DEVELOPMENT_SAMPLE
MEAL,19,6,20,0.71,MISSED,VERY_ACTIVE,7.6,0.7,1,0,SYNTHETIC_DEVELOPMENT_SAMPLE
EXERCISE,11,3,10,0.52,SKIPPED,VERY_ACTIVE,7.5,1.0,0,0,SYNTHETIC_DEVELOPMENT_SAMPLE
MEDITATION,10,0,15,0.59,COMPLETED,SEDENTARY,8.3,1.0,0,0,SYNTHETIC_DEVELOPMENT_SAMPLE
EXERCISE,19,2,30,0.92,NONE,MODERATELY_ACTIVE,6.5,1.0,1,1,SYNTHETIC_DEVELOPMENT_SAMPLE
EXERCISE,18,4,10,0.54,COMPLETED,LIGHTLY_ACTIVE,5.1,1.0,1,0,SYNTHETIC_DEVELOPMENT_SAMPLE
SLEEP_ROUTINE,18,0,20,0.57,COMPLETED,SEDENTARY,8.8,0.7,1,1,SYNTHETIC_DEVELOPMENT_SAMPLE
SLEEP_ROUTINE,22,4,60,0.95,NONE,MODERATELY_ACTIVE,6.7,0.7,1,1,SYNTHETIC_DEVELOPMENT_SAMPLE
EXERCISE,18,4,15,0.87,SKIPPED,VERY_ACTIVE,7.9,1.0,1,1,SYNTHETIC_DEVELOPMENT_SAMPLE
EXERCISE,7,5,30,0.64,RESCHEDULED,SEDENTARY,9.7,1.0,1,0,SYNTHETIC_DEVELOPMENT_SAMPLE
MEAL,21,6,10,0.79,NONE,LIGHTLY_ACTIVE,9.3,0.7,1,1,SYNTHETIC_DEVELOPMENT_SAMPLE
EXERCISE,11,3,60,0.7,SKIPPED,LIGHTLY_ACTIVE,6.2,1.0,0,0,SYNTHETIC_DEVELOPMENT_SAMPLE
MEAL,6,6,20,0.7,MISSED,SEDENTARY,7.3,0.7,1,0,SYNTHETIC_DEVELOPMENT_SAMPLE
EXERCISE,22,1,30,0.34,NONE,LIGHTLY_ACTIVE,5.4,1.0,1,1,SYNTHETIC_DEVELOPMENT_SAMPLE
MEAL,16,2,20,0.6,MISSED,LIGHTLY_ACTIVE,8.6,0.7,1,0,SYNTHETIC_DEVELOPMENT_SAMPLE
EXERCISE,9,0,45,0.61,NONE,VERY_ACTIVE,6.7,1.0,0,1,SYNTHETIC_DEVELOPMENT_SAMPLE
EXERCISE,15,4,10,0.66,NONE,SEDENTARY,6.6,1.0,0,0,SYNTHETIC_DEVELOPMENT_SAMPLE
SLEEP_ROUTINE,22,5,15,0.51,SKIPPED,SEDENTARY,9.6,0.7,1,1,SYNTHETIC_DEVELOPMENT_SAMPLE
EXERCISE,21,4,10,0.86,COMPLETED,MODERATELY_ACTIVE,7.0,1.0,1,1,SYNTHETIC_DEVELOPMENT_SAMPLE
EXERCISE,19,1,30,0.65,SKIPPED,SEDENTARY,7.7,1.0,1,1,SYNTHETIC_DEVELOPMENT_SAMPLE
HYDRATION,18,1,20,0.65,COMPLETED,MODERATELY_ACTIVE,6.3,1.0,1,1,SYNTHETIC_DEVELOPMENT_SAMPLE
EXERCISE,22,6,10,0.65,COMPLETED,SEDENTARY,6.8,1.0,1,1,SYNTHETIC_DEVELOPMENT_SAMPLE
MEAL,20,3,20,0.68,COMPLETED,VERY_ACTIVE,4.7,0.7,1,1,SYNTHETIC_DEVELOPMENT_SAMPLE
MEDITATION,11,3,20,0.67,MISSED,SEDENTARY,7.8,1.0,0,1,SYNTHETIC_DEVELOPMENT_SAMPLE
EXERCISE,11,6,20,0.85,COMPLETED,MODERATELY_ACTIVE,7.0,1.0,1,1,SYNTHETIC_DEVELOPMENT_SAMPLE
EXERCISE,10,3,60,0.88,RESCHEDULED,VERY_ACTIVE,7.2,1.0,0,0,SYNTHETIC_DEVELOPMENT_SAMPLE
SLEEP_ROUTINE,7,6,20,0.61,NONE,VERY_ACTIVE,7.7,0.7,1,1,SYNTHETIC_DEVELOPMENT_SAMPLE
BREAK,9,2,15,0.78,RESCHEDULED,MODERATELY_ACTIVE,8.4,0.7,0,1,SYNTHETIC_DEVELOPMENT_SAMPLE
MEAL,9,4,20,0.33,SKIPPED,VERY_ACTIVE,8.1,0.7,0,1,SYNTHETIC_DEVELOPMENT_SAMPLE
EXERCISE,17,1,15,0.83,COMPLETED,MODERATELY_ACTIVE,8.5,1.0,1,1,SYNTHETIC_DEVELOPMENT_SAMPLE
MEAL,8,5,10,0.85,RESCHEDULED,VERY_ACTIVE,8.1,0.7,1,1,SYNTHETIC_DEVELOPMENT_SAMPLE
BREAK,16,0,15,0.55,COMPLETED,VERY_ACTIVE,7.9,0.7,1,0,SYNTHETIC_DEVELOPMENT_SAMPLE
HYDRATION,8,4,15,0.45,SKIPPED,LIGHTLY_ACTIVE,7.8,1.0,1,1,SYNTHETIC_DEVELOPMENT_SAMPLE
SLEEP_ROUTINE,13,6,30,0.88,NONE,LIGHTLY_ACTIVE,4.4,0.7,1,0,SYNTHETIC_DEVELOPMENT_SAMPLE
MEDITATION,20,6,20,0.34,MISSED,MODERATELY_ACTIVE,9.0,1.0,1,1,SYNTHETIC_DEVELOPMENT_SAMPLE
BREAK,12,2,15,0.39,NONE,SEDENTARY,8.4,0.7,0,0,SYNTHETIC_DEVELOPMENT_SAMPLE
EXERCISE,6,4,15,0.78,RESCHEDULED,LIGHTLY_ACTIVE,7.3,1.0,1,0,SYNTHETIC_DEVELOPMENT_SAMPLE
MEAL,15,0,10,0.65,RESCHEDULED,SEDENTARY,6.9,0.7,0,0,SYNTHETIC_DEVELOPMENT_SAMPLE
EXERCISE,20,3,30,0.77,MISSED,MODERATELY_ACTIVE,6.0,1.0,1,1,SYNTHETIC_DEVELOPMENT_SAMPLE
HYDRATION,10,3,15,0.89,SKIPPED,LIGHTLY_ACTIVE,8.1,1.0,0,1,SYNTHETIC_DEVELOPMENT_SAMPLE
EXERCISE,6,6,30,0.69,RESCHEDULED,VERY_ACTIVE,7.5,1.0,1,0,SYNTHETIC_DEVELOPMENT_SAMPLE
HYDRATION,10,6,15,0.67,SKIPPED,SEDENTARY,9.1,1.0,1,0,SYNTHETIC_DEVELOPMENT_SAMPLE
BREAK,6,5,15,0.41,RESCHEDULED,LIGHTLY_ACTIVE,6.6,0.7,1,0,SYNTHETIC_DEVELOPMENT_SAMPLE
MEDITATION,13,6,20,0.34,COMPLETED,LIGHTLY_ACTIVE,6.0,1.0,1,0,SYNTHETIC_DEVELOPMENT_SAMPLE
BREAK,7,6,15,0.78,COMPLETED,VERY_ACTIVE,5.2,0.7,1,1,SYNTHETIC_DEVELOPMENT_SAMPLE
MEAL,12,3,20,0.89,COMPLETED,SEDENTARY,9.4,0.7,0,1,SYNTHETIC_DEVELOPMENT_SAMPLE
HYDRATION,12,0,60,0.4,RESCHEDULED,MODERATELY_ACTIVE,8.6,1.0,0,0,SYNTHETIC_DEVELOPMENT_SAMPLE
MEAL,6,4,20,0.58,MISSED,LIGHTLY_ACTIVE,6.5,0.7,1,1,SYNTHETIC_DEVELOPMENT_SAMPLE
MEAL,13,2,10,0.8,SKIPPED,LIGHTLY_ACTIVE,6.5,0.7,0,1,SYNTHETIC_DEVELOPMENT_SAMPLE
MEAL,11,2,15,0.42,NONE,MODERATELY_ACTIVE,7.0,0.7,0,0,SYNTHETIC_DEVELOPMENT_SAMPLE
MEAL,6,6,60,0.85,NONE,VERY_ACTIVE,7.8,0.7,1,1,SYNTHETIC_DEVELOPMENT_SAMPLE
EXERCISE,13,5,15,0.67,MISSED,SEDENTARY,9.3,1.0,1,0,SYNTHETIC_DEVELOPMENT_SAMPLE
BREAK,19,2,60,0.91,NONE,LIGHTLY_ACTIVE,7.7,0.7,1,1,SYNTHETIC_DEVELOPMENT_SAMPLE
SLEEP_ROUTINE,12,1,10,0.44,MISSED,VERY_ACTIVE,7.6,0.7,0,0,SYNTHETIC_DEVELOPMENT_SAMPLE
SLEEP_ROUTINE,20,4,15,0.47,SKIPPED,MODERATELY_ACTIVE,5.7,0.7,1,0,SYNTHETIC_DEVELOPMENT_SAMPLE
MEDITATION,10,4,20,0.66,SKIPPED,SEDENTARY,7.5,1.0,0,0,SYNTHETIC_DEVELOPMENT_SAMPLE
EXERCISE,15,5,20,0.88,COMPLETED,LIGHTLY_ACTIVE,7.1,1.0,1,1,SYNTHETIC_DEVELOPMENT_SAMPLE
MEDITATION,13,1,20,0.47,MISSED,LIGHTLY_ACTIVE,7.2,1.0,0,0,SYNTHETIC_DEVELOPMENT_SAMPLE
MEDITATION,16,5,45,0.38,RESCHEDULED,SEDENTARY,7.6,1.0,1,0,SYNTHETIC_DEVELOPMENT_SAMPLE
MEAL,11,1,30,0.37,NONE,MODERATELY_ACTIVE,9.1,0.7,0,0,SYNTHETIC_DEVELOPMENT_SAMPLE
EXERCISE,18,0,20,0.55,SKIPPED,LIGHTLY_ACTIVE,9.1,1.0,1,1,SYNTHETIC_DEVELOPMENT_SAMPLE
EXERCISE,16,0,10,0.69,SKIPPED,SEDENTARY,5.4,1.0,1,1,SYNTHETIC_DEVELOPMENT_SAMPLE
HYDRATION,12,2,45,0.56,NONE,VERY_ACTIVE,6.2,1.0,0,0,SYNTHETIC_DEVELOPMENT_SAMPLE
EXERCISE,8,3,10,0.62,NONE,MODERATELY_ACTIVE,8.6,1.0,1,1,SYNTHETIC_DEVELOPMENT_SAMPLE
EXERCISE,22,0,20,0.75,SKIPPED,SEDENTARY,6.4,1.0,1,1,SYNTHETIC_DEVELOPMENT_SAMPLE
SLEEP_ROUTINE,10,3,30,0.48,SKIPPED,VERY_ACTIVE,6.3,0.7,0,0,SYNTHETIC_DEVELOPMENT_SAMPLE
EXERCISE,15,0,20,0.42,MISSED,VERY_ACTIVE,6.9,1.0,0,0,SYNTHETIC_DEVELOPMENT_SAMPLE
HYDRATION,10,5,20,0.94,SKIPPED,SEDENTARY,8.8,1.0,1,1,SYNTHETIC_DEVELOPMENT_SAMPLE
HYDRATION,15,6,60,0.66,SKIPPED,MODERATELY_ACTIVE,8.4,1.0,1,1,SYNTHETIC_DEVELOPMENT_SAMPLE
HYDRATION,14,2,45,0.93,NONE,LIGHTLY_ACTIVE,8.8,1.0,0,0,SYNTHETIC_DEVELOPMENT_SAMPLE
HYDRATION,8,3,10,0.35,NONE,MODERATELY_ACTIVE,4.0,1.0,1,1,SYNTHETIC_DEVELOPMENT_SAMPLE
HYDRATION,17,6,15,0.65,NONE,LIGHTLY_ACTIVE,8.4,1.0,1,1,SYNTHETIC_DEVELOPMENT_SAMPLE
MEAL,7,6,20,0.94,MISSED,MODERATELY_ACTIVE,5.4,0.7,1,1,SYNTHETIC_DEVELOPMENT_SAMPLE
MEDITATION,8,2,60,0.53,COMPLETED,SEDENTARY,7.2,1.0,1,1,SYNTHETIC_DEVELOPMENT_SAMPLE
MEDITATION,15,5,20,0.57,NONE,SEDENTARY,6.5,1.0,1,1,SYNTHETIC_DEVELOPMENT_SAMPLE
EXERCISE,19,5,45,0.77,NONE,SEDENTARY,7.8,1.0,1,1,SYNTHETIC_DEVELOPMENT_SAMPLE
EXERCISE,9,3,60,0.82,NONE,MODERATELY_ACTIVE,6.9,1.0,0,0,SYNTHETIC_DEVELOPMENT_SAMPLE
BREAK,19,2,45,0.94,RESCHEDULED,VERY_ACTIVE,8.6,0.7,1,1,SYNTHETIC_DEVELOPMENT_SAMPLE
EXERCISE,7,0,15,0.42,MISSED,VERY_ACTIVE,9.1,1.0,1,1,SYNTHETIC_DEVELOPMENT_SAMPLE
EXERCISE,20,6,45,0.9,SKIPPED,SEDENTARY,6.8,1.0,1,0,SYNTHETIC_DEVELOPMENT_SAMPLE
HYDRATION,8,2,15,0.45,COMPLETED,SEDENTARY,5.8,1.0,1,0,SYNTHETIC_DEVELOPMENT_SAMPLE
SLEEP_ROUTINE,16,0,20,0.48,NONE,SEDENTARY,7.1,0.7,1,0,SYNTHETIC_DEVELOPMENT_SAMPLE
HYDRATION,7,3,20,0.47,NONE,VERY_ACTIVE,7.0,1.0,1,1,SYNTHETIC_DEVELOPMENT_SAMPLE
EXERCISE,21,4,45,0.94,SKIPPED,VERY_ACTIVE,7.3,1.0,1,0,SYNTHETIC_DEVELOPMENT_SAMPLE
MEAL,13,1,20,0.86,COMPLETED,LIGHTLY_ACTIVE,8.4,0.7,0,1,SYNTHETIC_DEVELOPMENT_SAMPLE
SLEEP_ROUTINE,6,2,45,0.76,MISSED,SEDENTARY,8.5,0.7,1,0,SYNTHETIC_DEVELOPMENT_SAMPLE
HYDRATION,12,4,45,0.87,MISSED,MODERATELY_ACTIVE,8.6,1.0,0,0,SYNTHETIC_DEVELOPMENT_SAMPLE
EXERCISE,16,4,30,0.4,RESCHEDULED,LIGHTLY_ACTIVE,7.2,1.0,1,1,SYNTHETIC_DEVELOPMENT_SAMPLE
MEDITATION,19,2,60,0.71,SKIPPED,VERY_ACTIVE,8.7,1.0,1,1,SYNTHETIC_DEVELOPMENT_SAMPLE
SLEEP_ROUTINE,21,5,15,0.31,COMPLETED,VERY_ACTIVE,6.8,0.7,1,1,SYNTHETIC_DEVELOPMENT_SAMPLE
HYDRATION,9,3,30,0.34,MISSED,VERY_ACTIVE,8.5,1.0,0,0,SYNTHETIC_DEVELOPMENT_SAMPLE
EXERCISE,15,5,15,0.7,MISSED,LIGHTLY_ACTIVE,7.6,1.0,1,1,SYNTHETIC_DEVELOPMENT_SAMPLE
EXERCISE,11,6,20,0.8,SKIPPED,MODERATELY_ACTIVE,6.6,1.0,1,1,SYNTHETIC_DEVELOPMENT_SAMPLE
MEDITATION,9,0,10,0.86,NONE,SEDENTARY,8.2,1.0,0,0,SYNTHETIC_DEVELOPMENT_SAMPLE
EXERCISE,16,2,45,0.93,RESCHEDULED,SEDENTARY,6.6,1.0,1,0,SYNTHETIC_DEVELOPMENT_SAMPLE
MEAL,11,2,15,0.94,COMPLETED,LIGHTLY_ACTIVE,6.9,0.7,0,0,SYNTHETIC_DEVELOPMENT_SAMPLE
EXERCISE,17,1,45,0.61,RESCHEDULED,LIGHTLY_ACTIVE,7.6,1.0,1,1,SYNTHETIC_DEVELOPMENT_SAMPLE
EXERCISE,13,6,20,0.64,MISSED,SEDENTARY,7.4,1.0,1,0,SYNTHETIC_DEVELOPMENT_SAMPLE
MEAL,19,6,10,0.75,RESCHEDULED,SEDENTARY,8.1,0.7,1,1,SYNTHETIC_DEVELOPMENT_SAMPLE
MEAL,7,2,60,0.4,NONE,LIGHTLY_ACTIVE,6.1,0.7,1,0,SYNTHETIC_DEVELOPMENT_SAMPLE
HYDRATION,16,4,30,0.92,COMPLETED,VERY_ACTIVE,9.1,1.0,1,1,SYNTHETIC_DEVELOPMENT_SAMPLE
HYDRATION,14,0,10,0.67,RESCHEDULED,VERY_ACTIVE,8.6,1.0,0,0,SYNTHETIC_DEVELOPMENT_SAMPLE
EXERCISE,6,0,45,0.35,NONE,VERY_ACTIVE,6.4,1.0,1,0,SYNTHETIC_DEVELOPMENT_SAMPLE
MEDITATION,11,6,15,0.75,SKIPPED,LIGHTLY_ACTIVE,8.9,1.0,1,1,SYNTHETIC_DEVELOPMENT_SAMPLE
BREAK,12,6,20,0.76,SKIPPED,VERY_ACTIVE,8.3,0.7,1,0,SYNTHETIC_DEVELOPMENT_SAMPLE
MEDITATION,12,2,45,0.66,SKIPPED,LIGHTLY_ACTIVE,9.7,1.0,0,0,SYNTHETIC_DEVELOPMENT_SAMPLE
HYDRATION,16,1,10,0.46,NONE,SEDENTARY,6.4,1.0,1,0,SYNTHETIC_DEVELOPMENT_SAMPLE
EXERCISE,19,3,30,0.87,NONE,MODERATELY_ACTIVE,7.8,1.0,1,1,SYNTHETIC_DEVELOPMENT_SAMPLE
EXERCISE,8,4,10,0.32,COMPLETED,MODERATELY_ACTIVE,4.8,1.0,1,0,SYNTHETIC_DEVELOPMENT_SAMPLE
SLEEP_ROUTINE,10,3,30,0.8,RESCHEDULED,VERY_ACTIVE,8.3,0.7,0,0,SYNTHETIC_DEVELOPMENT_SAMPLE
EXERCISE,7,3,45,0.89,SKIPPED,MODERATELY_ACTIVE,10.0,1.0,1,0,SYNTHETIC_DEVELOPMENT_SAMPLE
BREAK,17,2,20,0.71,COMPLETED,MODERATELY_ACTIVE,6.6,0.7,1,0,SYNTHETIC_DEVELOPMENT_SAMPLE
MEAL,19,5,20,0.57,NONE,SEDENTARY,8.9,0.7,1,1,SYNTHETIC_DEVELOPMENT_SAMPLE
SLEEP_ROUTINE,20,5,20,0.53,SKIPPED,MODERATELY_ACTIVE,6.8,0.7,1,0,SYNTHETIC_DEVELOPMENT_SAMPLE
MEDITATION,10,4,15,0.8,RESCHEDULED,SEDENTARY,5.9,1.0,0,0,SYNTHETIC_DEVELOPMENT_SAMPLE
EXERCISE,15,2,20,0.52,NONE,LIGHTLY_ACTIVE,6.1,1.0,0,0,SYNTHETIC_DEVELOPMENT_SAMPLE
MEAL,17,0,15,0.53,RESCHEDULED,SEDENTARY,7.7,0.7,1,0,SYNTHETIC_DEVELOPMENT_SAMPLE
MEDITATION,17,4,30,0.76,RESCHEDULED,MODERATELY_ACTIVE,6.8,1.0,1,1,SYNTHETIC_DEVELOPMENT_SAMPLE
MEDITATION,7,0,20,0.91,NONE,SEDENTARY,7.7,1.0,1,1,SYNTHETIC_DEVELOPMENT_SAMPLE
MEAL,10,0,20,0.33,SKIPPED,VERY_ACTIVE,8.3,0.7,0,0,SYNTHETIC_DEVELOPMENT_SAMPLE
MEAL,17,5,10,0.32,NONE,VERY_ACTIVE,7.6,0.7,1,0,SYNTHETIC_DEVELOPMENT_SAMPLE
EXERCISE,13,1,15,0.78,NONE,VERY_ACTIVE,8.2,1.0,0,0,SYNTHETIC_DEVELOPMENT_SAMPLE
MEDITATION,22,1,45,0.67,RESCHEDULED,MODERATELY_ACTIVE,5.7,1.0,1,0,SYNTHETIC_DEVELOPMENT_SAMPLE
HYDRATION,6,0,15,0.73,NONE,VERY_ACTIVE,6.3,1.0,1,1,SYNTHETIC_DEVELOPMENT_SAMPLE
BREAK,11,6,60,0.56,NONE,SEDENTARY,7.6,0.7,1,1,SYNTHETIC_DEVELOPMENT_SAMPLE
MEDITATION,16,3,30,0.8,RESCHEDULED,LIGHTLY_ACTIVE,8.3,1.0,1,0,SYNTHETIC_DEVELOPMENT_SAMPLE
MEDITATION,18,2,20,0.49,COMPLETED,SEDENTARY,7.0,1.0,1,1,SYNTHETIC_DEVELOPMENT_SAMPLE
MEDITATION,12,6,30,0.55,COMPLETED,SEDENTARY,6.4,1.0,1,1,SYNTHETIC_DEVELOPMENT_SAMPLE
EXERCISE,8,5,20,0.79,COMPLETED,MODERATELY_ACTIVE,5.6,1.0,1,0,SYNTHETIC_DEVELOPMENT_SAMPLE
BREAK,7,5,45,0.83,COMPLETED,VERY_ACTIVE,7.3,0.7,1,1,SYNTHETIC_DEVELOPMENT_SAMPLE
MEAL,16,6,30,0.77,MISSED,MODERATELY_ACTIVE,5.8,0.7,1,1,SYNTHETIC_DEVELOPMENT_SAMPLE
EXERCISE,21,6,10,0.92,RESCHEDULED,MODERATELY_ACTIVE,5.7,1.0,1,0,SYNTHETIC_DEVELOPMENT_SAMPLE
EXERCISE,19,4,20,0.64,MISSED,SEDENTARY,6.6,1.0,1,1,SYNTHETIC_DEVELOPMENT_SAMPLE
MEAL,21,1,20,0.77,COMPLETED,SEDENTARY,6.0,0.7,1,1,SYNTHETIC_DEVELOPMENT_SAMPLE
HYDRATION,15,6,20,0.76,COMPLETED,LIGHTLY_ACTIVE,6.9,1.0,1,1,SYNTHETIC_DEVELOPMENT_SAMPLE
BREAK,9,5,30,0.66,NONE,LIGHTLY_ACTIVE,7.5,0.7,1,1,SYNTHETIC_DEVELOPMENT_SAMPLE
HYDRATION,20,1,15,0.53,SKIPPED,VERY_ACTIVE,9.9,1.0,1,1,SYNTHETIC_DEVELOPMENT_SAMPLE
MEAL,10,3,15,0.83,RESCHEDULED,MODERATELY_ACTIVE,6.4,0.7,0,0,SYNTHETIC_DEVELOPMENT_SAMPLE
MEAL,10,6,15,0.87,COMPLETED,MODERATELY_ACTIVE,7.5,0.7,1,1,SYNTHETIC_DEVELOPMENT_SAMPLE
EXERCISE,10,6,15,0.43,MISSED,LIGHTLY_ACTIVE,8.1,1.0,1,1,SYNTHETIC_DEVELOPMENT_SAMPLE
EXERCISE,8,6,30,0.56,NONE,MODERATELY_ACTIVE,5.6,1.0,1,0,SYNTHETIC_DEVELOPMENT_SAMPLE
EXERCISE,19,2,20,0.52,NONE,LIGHTLY_ACTIVE,8.2,1.0,1,1,SYNTHETIC_DEVELOPMENT_SAMPLE
MEAL,6,2,15,0.7,NONE,SEDENTARY,5.6,0.7,1,0,SYNTHETIC_DEVELOPMENT_SAMPLE
HYDRATION,17,2,20,0.48,SKIPPED,MODERATELY_ACTIVE,4.8,1.0,1,1,SYNTHETIC_DEVELOPMENT_SAMPLE
HYDRATION,17,1,20,0.95,RESCHEDULED,VERY_ACTIVE,7.6,1.0,1,1,SYNTHETIC_DEVELOPMENT_SAMPLE
EXERCISE,10,4,20,0.79,SKIPPED,LIGHTLY_ACTIVE,8.7,1.0,0,1,SYNTHETIC_DEVELOPMENT_SAMPLE
MEDITATION,13,3,20,0.55,RESCHEDULED,MODERATELY_ACTIVE,6.8,1.0,0,0,SYNTHETIC_DEVELOPMENT_SAMPLE
BREAK,13,3,15,0.74,RESCHEDULED,LIGHTLY_ACTIVE,8.2,0.7,0,0,SYNTHETIC_DEVELOPMENT_SAMPLE
MEAL,17,5,15,0.34,RESCHEDULED,SEDENTARY,6.4,0.7,1,1,SYNTHETIC_DEVELOPMENT_SAMPLE
MEDITATION,14,4,15,0.46,COMPLETED,MODERATELY_ACTIVE,6.5,1.0,0,0,SYNTHETIC_DEVELOPMENT_SAMPLE
SLEEP_ROUTINE,11,2,30,0.67,RESCHEDULED,SEDENTARY,8.2,0.7,0,0,SYNTHETIC_DEVELOPMENT_SAMPLE
MEAL,22,1,20,0.71,SKIPPED,LIGHTLY_ACTIVE,6.4,0.7,1,1,SYNTHETIC_DEVELOPMENT_SAMPLE
SLEEP_ROUTINE,20,4,10,0.4,MISSED,LIGHTLY_ACTIVE,7.7,0.7,1,0,SYNTHETIC_DEVELOPMENT_SAMPLE
MEAL,15,0,20,0.61,COMPLETED,VERY_ACTIVE,6.0,0.7,0,0,SYNTHETIC_DEVELOPMENT_SAMPLE
SLEEP_ROUTINE,8,2,20,0.4,NONE,LIGHTLY_ACTIVE,7.6,0.7,1,1,SYNTHETIC_DEVELOPMENT_SAMPLE
EXERCISE,20,3,10,0.8,RESCHEDULED,SEDENTARY,8.1,1.0,1,1,SYNTHETIC_DEVELOPMENT_SAMPLE
EXERCISE,7,3,20,0.55,NONE,MODERATELY_ACTIVE,6.6,1.0,1,1,SYNTHETIC_DEVELOPMENT_SAMPLE
EXERCISE,16,1,10,0.75,COMPLETED,MODERATELY_ACTIVE,6.5,1.0,1,1,SYNTHETIC_DEVELOPMENT_SAMPLE
MEDITATION,12,3,20,0.71,COMPLETED,SEDENTARY,6.7,1.0,0,0,SYNTHETIC_DEVELOPMENT_SAMPLE
MEDITATION,9,3,30,0.77,NONE,VERY_ACTIVE,9.3,1.0,0,0,SYNTHETIC_DEVELOPMENT_SAMPLE
MEAL,19,6,30,0.8,SKIPPED,LIGHTLY_ACTIVE,5.9,0.7,1,0,SYNTHETIC_DEVELOPMENT_SAMPLE
EXERCISE,20,4,30,0.39,NONE,SEDENTARY,8.3,1.0,1,0,SYNTHETIC_DEVELOPMENT_SAMPLE
EXERCISE,10,4,10,0.54,COMPLETED,VERY_ACTIVE,6.6,1.0,0,0,SYNTHETIC_DEVELOPMENT_SAMPLE
MEAL,9,1,15,0.78,MISSED,SEDENTARY,8.4,0.7,0,1,SYNTHETIC_DEVELOPMENT_SAMPLE
BREAK,22,0,10,0.73,COMPLETED,SEDENTARY,7.6,0.7,1,0,SYNTHETIC_DEVELOPMENT_SAMPLE
EXERCISE,6,1,45,0.46,NONE,VERY_ACTIVE,8.9,1.0,1,0,SYNTHETIC_DEVELOPMENT_SAMPLE
MEAL,20,0,10,0.64,MISSED,SEDENTARY,8.7,0.7,1,1,SYNTHETIC_DEVELOPMENT_SAMPLE
MEAL,10,4,10,0.79,COMPLETED,SEDENTARY,7.1,0.7,0,1,SYNTHETIC_DEVELOPMENT_SAMPLE
MEAL,13,1,20,0.94,RESCHEDULED,MODERATELY_ACTIVE,7.3,0.7,0,0,SYNTHETIC_DEVELOPMENT_SAMPLE
HYDRATION,16,1,10,0.73,SKIPPED,LIGHTLY_ACTIVE,7.2,1.0,1,0,SYNTHETIC_DEVELOPMENT_SAMPLE
HYDRATION,13,0,60,0.73,MISSED,SEDENTARY,6.2,1.0,0,0,SYNTHETIC_DEVELOPMENT_SAMPLE
MEDITATION,14,0,60,0.61,SKIPPED,LIGHTLY_ACTIVE,6.4,1.0,0,0,SYNTHETIC_DEVELOPMENT_SAMPLE
MEAL,21,3,15,0.33,COMPLETED,VERY_ACTIVE,8.3,0.7,1,1,SYNTHETIC_DEVELOPMENT_SAMPLE
EXERCISE,13,2,20,0.55,SKIPPED,LIGHTLY_ACTIVE,7.6,1.0,0,0,SYNTHETIC_DEVELOPMENT_SAMPLE
MEAL,22,4,15,0.83,COMPLETED,VERY_ACTIVE,7.0,0.7,1,0,SYNTHETIC_DEVELOPMENT_SAMPLE
MEDITATION,18,5,20,0.85,RESCHEDULED,VERY_ACTIVE,7.4,1.0,1,0,SYNTHETIC_DEVELOPMENT_SAMPLE
BREAK,18,1,10,0.75,RESCHEDULED,MODERATELY_ACTIVE,5.6,0.7,1,0,SYNTHETIC_DEVELOPMENT_SAMPLE
MEAL,17,4,20,0.79,COMPLETED,VERY_ACTIVE,6.2,0.7,1,1,SYNTHETIC_DEVELOPMENT_SAMPLE
EXERCISE,17,6,45,0.58,SKIPPED,LIGHTLY_ACTIVE,7.5,1.0,1,1,SYNTHETIC_DEVELOPMENT_SAMPLE
EXERCISE,10,2,60,0.36,SKIPPED,LIGHTLY_ACTIVE,7.5,1.0,0,0,SYNTHETIC_DEVELOPMENT_SAMPLE
MEAL,7,0,20,0.65,RESCHEDULED,LIGHTLY_ACTIVE,5.5,0.7,1,0,SYNTHETIC_DEVELOPMENT_SAMPLE
SLEEP_ROUTINE,17,0,10,0.79,NONE,SEDENTARY,8.6,0.7,1,0,SYNTHETIC_DEVELOPMENT_SAMPLE
MEAL,10,1,20,0.59,RESCHEDULED,LIGHTLY_ACTIVE,8.1,0.7,0,0,SYNTHETIC_DEVELOPMENT_SAMPLE
MEAL,10,5,20,0.75,NONE,LIGHTLY_ACTIVE,5.4,0.7,1,0,SYNTHETIC_DEVELOPMENT_SAMPLE
EXERCISE,12,3,20,0.77,NONE,VERY_ACTIVE,8.7,1.0,0,0,SYNTHETIC_DEVELOPMENT_SAMPLE
HYDRATION,7,5,30,0.48,RESCHEDULED,MODERATELY_ACTIVE,6.2,1.0,1,1,SYNTHETIC_DEVELOPMENT_SAMPLE
MEDITATION,11,4,30,0.64,NONE,VERY_ACTIVE,7.2,1.0,0,0,SYNTHETIC_DEVELOPMENT_SAMPLE
HYDRATION,6,1,20,0.34,RESCHEDULED,MODERATELY_ACTIVE,8.1,1.0,1,1,SYNTHETIC_DEVELOPMENT_SAMPLE
EXERCISE,11,3,20,0.42,RESCHEDULED,MODERATELY_ACTIVE,8.3,1.0,0,0,SYNTHETIC_DEVELOPMENT_SAMPLE
BREAK,10,0,20,0.94,MISSED,SEDENTARY,8.1,0.7,0,0,SYNTHETIC_DEVELOPMENT_SAMPLE
HYDRATION,18,2,45,0.47,SKIPPED,MODERATELY_ACTIVE,9.2,1.0,1,1,SYNTHETIC_DEVELOPMENT_SAMPLE
MEAL,22,4,20,0.61,SKIPPED,VERY_ACTIVE,7.3,0.7,1,1,SYNTHETIC_DEVELOPMENT_SAMPLE
EXERCISE,19,3,10,0.56,RESCHEDULED,VERY_ACTIVE,7.4,1.0,1,1,SYNTHETIC_DEVELOPMENT_SAMPLE
EXERCISE,17,1,15,0.47,MISSED,MODERATELY_ACTIVE,6.9,1.0,1,1,SYNTHETIC_DEVELOPMENT_SAMPLE
HYDRATION,15,0,30,0.34,NONE,VERY_ACTIVE,7.6,1.0,0,1,SYNTHETIC_DEVELOPMENT_SAMPLE
EXERCISE,16,0,15,0.5,MISSED,MODERATELY_ACTIVE,7.0,1.0,1,0,SYNTHETIC_DEVELOPMENT_SAMPLE
MEAL,20,6,20,0.84,COMPLETED,SEDENTARY,6.9,0.7,1,0,SYNTHETIC_DEVELOPMENT_SAMPLE
MEDITATION,8,6,15,0.67,MISSED,MODERATELY_ACTIVE,7.3,1.0,1,1,SYNTHETIC_DEVELOPMENT_SAMPLE
EXERCISE,9,6,15,0.85,COMPLETED,SEDENTARY,7.6,1.0,1,0,SYNTHETIC_DEVELOPMENT_SAMPLE
EXERCISE,16,0,30,0.66,SKIPPED,LIGHTLY_ACTIVE,7.9,1.0,1,1,SYNTHETIC_DEVELOPMENT_SAMPLE
EXERCISE,21,0,30,0.6,MISSED,SEDENTARY,6.7,1.0,1,0,SYNTHETIC_DEVELOPMENT_SAMPLE
MEDITATION,20,5,30,0.6,MISSED,MODERATELY_ACTIVE,4.6,1.0,1,0,SYNTHETIC_DEVELOPMENT_SAMPLE
MEAL,9,5,30,0.31,NONE,MODERATELY_ACTIVE,7.2,0.7,1,0,SYNTHETIC_DEVELOPMENT_SAMPLE
SLEEP_ROUTINE,14,1,30,0.66,SKIPPED,SEDENTARY,6.9,0.7,0,0,SYNTHETIC_DEVELOPMENT_SAMPLE
MEDITATION,8,5,20,0.59,MISSED,LIGHTLY_ACTIVE,6.4,1.0,1,1,SYNTHETIC_DEVELOPMENT_SAMPLE
MEAL,16,3,20,0.49,RESCHEDULED,SEDENTARY,9.4,0.7,1,0,SYNTHETIC_DEVELOPMENT_SAMPLE
MEDITATION,21,5,20,0.4,RESCHEDULED,LIGHTLY_ACTIVE,8.5,1.0,1,1,SYNTHETIC_DEVELOPMENT_SAMPLE
MEDITATION,8,4,45,0.48,COMPLETED,VERY_ACTIVE,6.5,1.0,1,0,SYNTHETIC_DEVELOPMENT_SAMPLE
HYDRATION,16,4,20,0.7,MISSED,VERY_ACTIVE,6.6,1.0,1,1,SYNTHETIC_DEVELOPMENT_SAMPLE
HYDRATION,21,0,20,0.94,NONE,LIGHTLY_ACTIVE,5.9,1.0,1,0,SYNTHETIC_DEVELOPMENT_SAMPLE
MEAL,10,0,10,0.32,RESCHEDULED,LIGHTLY_ACTIVE,7.7,0.7,0,0,SYNTHETIC_DEVELOPMENT_SAMPLE
MEDITATION,8,4,15,0.49,SKIPPED,LIGHTLY_ACTIVE,6.0,1.0,1,1,SYNTHETIC_DEVELOPMENT_SAMPLE
SLEEP_ROUTINE,17,0,20,0.62,MISSED,VERY_ACTIVE,8.6,0.7,1,1,SYNTHETIC_DEVELOPMENT_SAMPLE
EXERCISE,6,4,20,0.89,MISSED,MODERATELY_ACTIVE,7.7,1.0,1,1,SYNTHETIC_DEVELOPMENT_SAMPLE
MEAL,22,4,30,0.85,MISSED,MODERATELY_ACTIVE,5.7,0.7,1,1,SYNTHETIC_DEVELOPMENT_SAMPLE
HYDRATION,7,1,15,0.3,COMPLETED,VERY_ACTIVE,7.9,1.0,1,1,SYNTHETIC_DEVELOPMENT_SAMPLE
MEAL,9,1,20,0.5,NONE,MODERATELY_ACTIVE,6.6,0.7,0,0,SYNTHETIC_DEVELOPMENT_SAMPLE
MEAL,19,3,45,0.8,MISSED,VERY_ACTIVE,5.7,0.7,1,0,SYNTHETIC_DEVELOPMENT_SAMPLE
HYDRATION,7,5,20,0.86,MISSED,MODERATELY_ACTIVE,8.2,1.0,1,0,SYNTHETIC_DEVELOPMENT_SAMPLE
EXERCISE,22,0,20,0.32,COMPLETED,MODERATELY_ACTIVE,8.2,1.0,1,0,SYNTHETIC_DEVELOPMENT_SAMPLE
MEAL,14,2,20,0.65,MISSED,MODERATELY_ACTIVE,7.8,0.7,0,1,SYNTHETIC_DEVELOPMENT_SAMPLE
EXERCISE,9,0,15,0.31,RESCHEDULED,SEDENTARY,8.1,1.0,0,0,SYNTHETIC_DEVELOPMENT_SAMPLE
EXERCISE,13,1,30,0.69,COMPLETED,VERY_ACTIVE,6.1,1.0,0,0,SYNTHETIC_DEVELOPMENT_SAMPLE
EXERCISE,22,5,20,0.47,SKIPPED,SEDENTARY,6.3,1.0,1,0,SYNTHETIC_DEVELOPMENT_SAMPLE
MEAL,6,4,10,0.89,RESCHEDULED,MODERATELY_ACTIVE,7.2,0.7,1,0,SYNTHETIC_DEVELOPMENT_SAMPLE
SLEEP_ROUTINE,6,4,30,0.35,RESCHEDULED,LIGHTLY_ACTIVE,7.8,0.7,1,0,SYNTHETIC_DEVELOPMENT_SAMPLE
MEAL,13,4,20,0.68,NONE,MODERATELY_ACTIVE,8.8,0.7,0,1,SYNTHETIC_DEVELOPMENT_SAMPLE
MEAL,9,5,30,0.93,RESCHEDULED,LIGHTLY_ACTIVE,7.0,0.7,1,0,SYNTHETIC_DEVELOPMENT_SAMPLE
MEDITATION,11,5,45,0.3,NONE,VERY_ACTIVE,5.1,1.0,1,0,SYNTHETIC_DEVELOPMENT_SAMPLE
BREAK,15,0,20,0.61,MISSED,VERY_ACTIVE,4.2,0.7,0,0,SYNTHETIC_DEVELOPMENT_SAMPLE
MEAL,11,0,10,0.44,MISSED,VERY_ACTIVE,5.5,0.7,0,0,SYNTHETIC_DEVELOPMENT_SAMPLE
MEDITATION,22,5,20,0.33,COMPLETED,SEDENTARY,6.5,1.0,1,0,SYNTHETIC_DEVELOPMENT_SAMPLE
MEAL,12,6,45,0.62,MISSED,LIGHTLY_ACTIVE,8.2,0.7,1,0,SYNTHETIC_DEVELOPMENT_SAMPLE
EXERCISE,19,4,20,0.57,RESCHEDULED,VERY_ACTIVE,7.5,1.0,1,1,SYNTHETIC_DEVELOPMENT_SAMPLE
MEDITATION,18,1,60,0.83,COMPLETED,MODERATELY_ACTIVE,7.8,1.0,1,1,SYNTHETIC_DEVELOPMENT_SAMPLE
HYDRATION,20,6,10,0.87,SKIPPED,LIGHTLY_ACTIVE,8.5,1.0,1,1,SYNTHETIC_DEVELOPMENT_SAMPLE
EXERCISE,20,3,20,0.89,RESCHEDULED,LIGHTLY_ACTIVE,7.9,1.0,1,1,SYNTHETIC_DEVELOPMENT_SAMPLE
HYDRATION,7,6,20,0.72,MISSED,MODERATELY_ACTIVE,7.3,1.0,1,1,SYNTHETIC_DEVELOPMENT_SAMPLE
EXERCISE,12,3,15,0.71,NONE,LIGHTLY_ACTIVE,10.0,1.0,0,0,SYNTHETIC_DEVELOPMENT_SAMPLE
SLEEP_ROUTINE,13,1,10,0.57,MISSED,MODERATELY_ACTIVE,10.0,0.7,0,1,SYNTHETIC_DEVELOPMENT_SAMPLE
EXERCISE,22,6,15,0.77,COMPLETED,LIGHTLY_ACTIVE,6.6,1.0,1,0,SYNTHETIC_DEVELOPMENT_SAMPLE
HYDRATION,9,2,10,0.65,SKIPPED,LIGHTLY_ACTIVE,8.9,1.0,0,0,SYNTHETIC_DEVELOPMENT_SAMPLE
SLEEP_ROUTINE,20,0,20,0.51,SKIPPED,MODERATELY_ACTIVE,6.9,0.7,1,0,SYNTHETIC_DEVELOPMENT_SAMPLE
HYDRATION,6,6,20,0.41,RESCHEDULED,SEDENTARY,6.8,1.0,1,1,SYNTHETIC_DEVELOPMENT_SAMPLE
EXERCISE,8,2,20,0.81,MISSED,SEDENTARY,8.1,1.0,1,1,SYNTHETIC_DEVELOPMENT_SAMPLE
SLEEP_ROUTINE,13,1,30,0.68,COMPLETED,MODERATELY_ACTIVE,6.2,0.7,0,0,SYNTHETIC_DEVELOPMENT_SAMPLE
EXERCISE,8,2,10,0.36,MISSED,VERY_ACTIVE,7.7,1.0,1,1,SYNTHETIC_DEVELOPMENT_SAMPLE
MEDITATION,11,2,10,0.62,SKIPPED,SEDENTARY,6.7,1.0,0,0,SYNTHETIC_DEVELOPMENT_SAMPLE
MEAL,11,3,60,0.65,NONE,SEDENTARY,8.5,0.7,0,0,SYNTHETIC_DEVELOPMENT_SAMPLE
EXERCISE,22,4,60,0.8,NONE,SEDENTARY,10.0,1.0,1,1,SYNTHETIC_DEVELOPMENT_SAMPLE
EXERCISE,8,1,30,0.76,SKIPPED,SEDENTARY,5.0,1.0,1,0,SYNTHETIC_DEVELOPMENT_SAMPLE
HYDRATION,17,2,20,0.53,RESCHEDULED,MODERATELY_ACTIVE,7.0,1.0,1,1,SYNTHETIC_DEVELOPMENT_SAMPLE
MEAL,22,2,45,0.71,COMPLETED,VERY_ACTIVE,5.9,0.7,1,0,SYNTHETIC_DEVELOPMENT_SAMPLE
EXERCISE,13,3,45,0.76,MISSED,MODERATELY_ACTIVE,7.5,1.0,0,0,SYNTHETIC_DEVELOPMENT_SAMPLE
EXERCISE,16,6,10,0.82,RESCHEDULED,SEDENTARY,9.3,1.0,1,0,SYNTHETIC_DEVELOPMENT_SAMPLE
BREAK,22,2,20,0.94,RESCHEDULED,VERY_ACTIVE,7.5,0.7,1,1,SYNTHETIC_DEVELOPMENT_SAMPLE
MEDITATION,6,5,30,0.55,MISSED,VERY_ACTIVE,8.5,1.0,1,1,SYNTHETIC_DEVELOPMENT_SAMPLE
MEAL,19,2,20,0.84,RESCHEDULED,MODERATELY_ACTIVE,8.6,0.7,1,0,SYNTHETIC_DEVELOPMENT_SAMPLE
EXERCISE,11,2,20,0.63,NONE,MODERATELY_ACTIVE,7.0,1.0,0,0,SYNTHETIC_DEVELOPMENT_SAMPLE
HYDRATION,16,2,30,0.39,NONE,VERY_ACTIVE,6.6,1.0,1,0,SYNTHETIC_DEVELOPMENT_SAMPLE
MEAL,20,2,60,0.74,COMPLETED,VERY_ACTIVE,8.4,0.7,1,1,SYNTHETIC_DEVELOPMENT_SAMPLE
EXERCISE,6,3,30,0.78,NONE,SEDENTARY,8.2,1.0,1,0,SYNTHETIC_DEVELOPMENT_SAMPLE
HYDRATION,9,2,20,0.36,COMPLETED,LIGHTLY_ACTIVE,8.1,1.0,0,1,SYNTHETIC_DEVELOPMENT_SAMPLE
MEAL,11,2,15,0.37,RESCHEDULED,SEDENTARY,7.2,0.7,0,0,SYNTHETIC_DEVELOPMENT_SAMPLE
EXERCISE,7,1,15,0.61,SKIPPED,LIGHTLY_ACTIVE,7.9,1.0,1,0,SYNTHETIC_DEVELOPMENT_SAMPLE
HYDRATION,7,6,20,0.49,MISSED,LIGHTLY_ACTIVE,6.9,1.0,1,1,SYNTHETIC_DEVELOPMENT_SAMPLE
MEAL,18,4,15,0.57,COMPLETED,LIGHTLY_ACTIVE,4.8,0.7,1,0,SYNTHETIC_DEVELOPMENT_SAMPLE
HYDRATION,15,1,30,0.66,RESCHEDULED,VERY_ACTIVE,4.2,1.0,0,0,SYNTHETIC_DEVELOPMENT_SAMPLE
MEDITATION,20,5,20,0.38,MISSED,MODERATELY_ACTIVE,9.4,1.0,1,0,SYNTHETIC_DEVELOPMENT_SAMPLE
MEAL,19,1,10,0.71,MISSED,SEDENTARY,6.2,0.7,1,1,SYNTHETIC_DEVELOPMENT_SAMPLE
MEAL,11,0,10,0.85,COMPLETED,LIGHTLY_ACTIVE,8.5,0.7,0,0,SYNTHETIC_DEVELOPMENT_SAMPLE
HYDRATION,16,0,20,0.48,MISSED,LIGHTLY_ACTIVE,8.4,1.0,1,0,SYNTHETIC_DEVELOPMENT_SAMPLE
MEAL,22,5,20,0.93,NONE,SEDENTARY,6.4,0.7,1,0,SYNTHETIC_DEVELOPMENT_SAMPLE
MEAL,6,3,20,0.76,SKIPPED,MODERATELY_ACTIVE,7.8,0.7,1,0,SYNTHETIC_DEVELOPMENT_SAMPLE
BREAK,17,2,60,0.76,COMPLETED,SEDENTARY,6.2,0.7,1,0,SYNTHETIC_DEVELOPMENT_SAMPLE
MEAL,10,1,10,0.62,RESCHEDULED,VERY_ACTIVE,5.5,0.7,0,0,SYNTHETIC_DEVELOPMENT_SAMPLE
MEDITATION,17,0,10,0.8,SKIPPED,SEDENTARY,4.4,1.0,1,0,SYNTHETIC_DEVELOPMENT_SAMPLE
SLEEP_ROUTINE,21,0,30,0.61,COMPLETED,VERY_ACTIVE,8.4,0.7,1,1,SYNTHETIC_DEVELOPMENT_SAMPLE
EXERCISE,12,3,30,0.51,RESCHEDULED,VERY_ACTIVE,9.1,1.0,0,0,SYNTHETIC_DEVELOPMENT_SAMPLE
HYDRATION,6,3,10,0.33,NONE,SEDENTARY,7.8,1.0,1,1,SYNTHETIC_DEVELOPMENT_SAMPLE
EXERCISE,15,5,15,0.89,SKIPPED,LIGHTLY_ACTIVE,7.9,1.0,1,1,SYNTHETIC_DEVELOPMENT_SAMPLE
BREAK,8,0,30,0.51,RESCHEDULED,LIGHTLY_ACTIVE,8.3,0.7,1,0,SYNTHETIC_DEVELOPMENT_SAMPLE
EXERCISE,11,0,15,0.8,COMPLETED,VERY_ACTIVE,6.1,1.0,0,1,SYNTHETIC_DEVELOPMENT_SAMPLE
SLEEP_ROUTINE,15,2,20,0.54,NONE,LIGHTLY_ACTIVE,4.9,0.7,0,0,SYNTHETIC_DEVELOPMENT_SAMPLE
HYDRATION,12,3,20,0.67,MISSED,SEDENTARY,6.3,1.0,0,0,SYNTHETIC_DEVELOPMENT_SAMPLE
BREAK,20,2,10,0.88,COMPLETED,MODERATELY_ACTIVE,6.9,0.7,1,1,SYNTHETIC_DEVELOPMENT_SAMPLE
MEDITATION,8,4,15,0.46,RESCHEDULED,SEDENTARY,9.0,1.0,1,1,SYNTHETIC_DEVELOPMENT_SAMPLE
MEAL,9,1,60,0.46,RESCHEDULED,LIGHTLY_ACTIVE,8.2,0.7,0,0,SYNTHETIC_DEVELOPMENT_SAMPLE
EXERCISE,17,6,10,0.7,SKIPPED,MODERATELY_ACTIVE,9.6,1.0,1,1,SYNTHETIC_DEVELOPMENT_SAMPLE
EXERCISE,13,3,20,0.74,MISSED,SEDENTARY,8.0,1.0,0,0,SYNTHETIC_DEVELOPMENT_SAMPLE
MEAL,20,6,30,0.34,COMPLETED,LIGHTLY_ACTIVE,6.9,0.7,1,1,SYNTHETIC_DEVELOPMENT_SAMPLE
MEAL,16,5,20,0.5,SKIPPED,MODERATELY_ACTIVE,7.7,0.7,1,0,SYNTHETIC_DEVELOPMENT_SAMPLE
MEAL,19,1,15,0.6,MISSED,LIGHTLY_ACTIVE,7.0,0.7,1,0,SYNTHETIC_DEVELOPMENT_SAMPLE
MEAL,18,2,30,0.39,MISSED,SEDENTARY,4.3,0.7,1,0,SYNTHETIC_DEVELOPMENT_SAMPLE
EXERCISE,9,2,20,0.56,MISSED,LIGHTLY_ACTIVE,7.9,1.0,0,0,SYNTHETIC_DEVELOPMENT_SAMPLE
EXERCISE,10,0,45,0.41,SKIPPED,LIGHTLY_ACTIVE,6.2,1.0,0,0,SYNTHETIC_DEVELOPMENT_SAMPLE
MEDITATION,21,1,60,0.56,SKIPPED,VERY_ACTIVE,8.8,1.0,1,1,SYNTHETIC_DEVELOPMENT_SAMPLE
MEDITATION,6,2,30,0.41,SKIPPED,LIGHTLY_ACTIVE,7.6,1.0,1,1,SYNTHETIC_DEVELOPMENT_SAMPLE
HYDRATION,15,6,20,0.44,RESCHEDULED,VERY_ACTIVE,8.5,1.0,1,0,SYNTHETIC_DEVELOPMENT_SAMPLE
HYDRATION,10,2,10,0.61,NONE,SEDENTARY,6.8,1.0,0,0,SYNTHETIC_DEVELOPMENT_SAMPLE
BREAK,6,0,30,0.54,RESCHEDULED,VERY_ACTIVE,6.4,0.7,1,0,SYNTHETIC_DEVELOPMENT_SAMPLE
BREAK,22,6,20,0.53,SKIPPED,SEDENTARY,7.7,0.7,1,1,SYNTHETIC_DEVELOPMENT_SAMPLE
HYDRATION,6,1,45,0.93,SKIPPED,MODERATELY_ACTIVE,5.3,1.0,1,1,SYNTHETIC_DEVELOPMENT_SAMPLE
EXERCISE,6,0,10,0.74,COMPLETED,SEDENTARY,9.2,1.0,1,0,SYNTHETIC_DEVELOPMENT_SAMPLE
MEAL,17,1,30,0.39,SKIPPED,VERY_ACTIVE,6.6,0.7,1,0,SYNTHETIC_DEVELOPMENT_SAMPLE
HYDRATION,15,3,20,0.43,NONE,VERY_ACTIVE,6.5,1.0,0,0,SYNTHETIC_DEVELOPMENT_SAMPLE
EXERCISE,9,1,45,0.63,MISSED,MODERATELY_ACTIVE,6.0,1.0,0,0,SYNTHETIC_DEVELOPMENT_SAMPLE
SLEEP_ROUTINE,9,1,30,0.53,RESCHEDULED,MODERATELY_ACTIVE,4.0,0.7,0,1,SYNTHETIC_DEVELOPMENT_SAMPLE
MEDITATION,18,4,20,0.66,COMPLETED,SEDENTARY,8.7,1.0,1,0,SYNTHETIC_DEVELOPMENT_SAMPLE
EXERCISE,11,4,30,0.43,NONE,SEDENTARY,8.4,1.0,0,1,SYNTHETIC_DEVELOPMENT_SAMPLE
EXERCISE,17,5,30,0.72,COMPLETED,SEDENTARY,7.0,1.0,1,1,SYNTHETIC_DEVELOPMENT_SAMPLE
MEAL,10,0,15,0.48,COMPLETED,LIGHTLY_ACTIVE,5.5,0.7,0,0,SYNTHETIC_DEVELOPMENT_SAMPLE
MEAL,13,0,20,0.57,SKIPPED,LIGHTLY_ACTIVE,6.6,0.7,0,1,SYNTHETIC_DEVELOPMENT_SAMPLE
MEDITATION,14,0,60,0.33,COMPLETED,SEDENTARY,5.3,1.0,0,0,SYNTHETIC_DEVELOPMENT_SAMPLE
HYDRATION,11,0,20,0.63,RESCHEDULED,SEDENTARY,8.2,1.0,0,0,SYNTHETIC_DEVELOPMENT_SAMPLE
SLEEP_ROUTINE,13,6,30,0.6,COMPLETED,MODERATELY_ACTIVE,8.5,0.7,1,0,SYNTHETIC_DEVELOPMENT_SAMPLE
MEDITATION,14,4,10,0.44,RESCHEDULED,VERY_ACTIVE,8.3,1.0,0,0,SYNTHETIC_DEVELOPMENT_SAMPLE
EXERCISE,22,3,30,0.58,COMPLETED,SEDENTARY,5.9,1.0,1,0,SYNTHETIC_DEVELOPMENT_SAMPLE
HYDRATION,22,2,30,0.38,SKIPPED,SEDENTARY,6.7,1.0,1,0,SYNTHETIC_DEVELOPMENT_SAMPLE
MEAL,9,2,20,0.76,COMPLETED,SEDENTARY,4.4,0.7,0,1,SYNTHETIC_DEVELOPMENT_SAMPLE
MEAL,13,4,60,0.76,MISSED,VERY_ACTIVE,8.8,0.7,0,1,SYNTHETIC_DEVELOPMENT_SAMPLE
SLEEP_ROUTINE,9,3,15,0.87,MISSED,SEDENTARY,6.4,0.7,0,0,SYNTHETIC_DEVELOPMENT_SAMPLE
MEAL,21,6,45,0.31,RESCHEDULED,SEDENTARY,8.1,0.7,1,1,SYNTHETIC_DEVELOPMENT_SAMPLE
MEDITATION,16,4,20,0.7,COMPLETED,SEDENTARY,6.4,1.0,1,1,SYNTHETIC_DEVELOPMENT_SAMPLE
HYDRATION,21,0,30,0.52,SKIPPED,LIGHTLY_ACTIVE,9.0,1.0,1,1,SYNTHETIC_DEVELOPMENT_SAMPLE
BREAK,18,3,30,0.71,MISSED,VERY_ACTIVE,6.7,0.7,1,1,SYNTHETIC_DEVELOPMENT_SAMPLE
MEDITATION,15,0,60,0.34,NONE,LIGHTLY_ACTIVE,7.5,1.0,0,0,SYNTHETIC_DEVELOPMENT_SAMPLE
BREAK,10,3,20,0.78,SKIPPED,VERY_ACTIVE,5.0,0.7,0,0,SYNTHETIC_DEVELOPMENT_SAMPLE
MEDITATION,15,1,20,0.47,RESCHEDULED,VERY_ACTIVE,6.1,1.0,0,0,SYNTHETIC_DEVELOPMENT_SAMPLE
BREAK,16,6,10,0.35,RESCHEDULED,MODERATELY_ACTIVE,9.3,0.7,1,1,SYNTHETIC_DEVELOPMENT_SAMPLE
EXERCISE,7,5,20,0.76,MISSED,LIGHTLY_ACTIVE,6.4,1.0,1,1,SYNTHETIC_DEVELOPMENT_SAMPLE
HYDRATION,11,0,20,0.46,SKIPPED,SEDENTARY,9.8,1.0,0,1,SYNTHETIC_DEVELOPMENT_SAMPLE
BREAK,9,1,20,0.33,COMPLETED,SEDENTARY,6.0,0.7,0,0,SYNTHETIC_DEVELOPMENT_SAMPLE
BREAK,14,3,45,0.44,COMPLETED,SEDENTARY,8.9,0.7,0,0,SYNTHETIC_DEVELOPMENT_SAMPLE
HYDRATION,15,1,30,0.51,RESCHEDULED,MODERATELY_ACTIVE,8.0,1.0,0,1,SYNTHETIC_DEVELOPMENT_SAMPLE
SLEEP_ROUTINE,20,6,30,0.63,MISSED,LIGHTLY_ACTIVE,9.6,0.7,1,0,SYNTHETIC_DEVELOPMENT_SAMPLE
EXERCISE,12,0,30,0.33,RESCHEDULED,MODERATELY_ACTIVE,7.8,1.0,0,1,SYNTHETIC_DEVELOPMENT_SAMPLE
MEDITATION,19,4,10,0.89,MISSED,SEDENTARY,5.5,1.0,1,0,SYNTHETIC_DEVELOPMENT_SAMPLE
MEAL,21,6,30,0.82,MISSED,VERY_ACTIVE,6.8,0.7,1,1,SYNTHETIC_DEVELOPMENT_SAMPLE
MEAL,19,2,20,0.78,MISSED,LIGHTLY_ACTIVE,8.4,0.7,1,1,SYNTHETIC_DEVELOPMENT_SAMPLE
EXERCISE,16,0,15,0.86,COMPLETED,LIGHTLY_ACTIVE,6.3,1.0,1,0,SYNTHETIC_DEVELOPMENT_SAMPLE
EXERCISE,7,4,45,0.71,SKIPPED,VERY_ACTIVE,9.6,1.0,1,0,SYNTHETIC_DEVELOPMENT_SAMPLE
EXERCISE,7,6,15,0.59,COMPLETED,SEDENTARY,6.3,1.0,1,1,SYNTHETIC_DEVELOPMENT_SAMPLE
MEAL,16,5,10,0.44,COMPLETED,MODERATELY_ACTIVE,8.1,0.7,1,1,SYNTHETIC_DEVELOPMENT_SAMPLE
MEAL,22,1,45,0.79,MISSED,SEDENTARY,7.0,0.7,1,0,SYNTHETIC_DEVELOPMENT_SAMPLE
MEAL,9,4,10,0.9,MISSED,VERY_ACTIVE,5.3,0.7,0,0,SYNTHETIC_DEVELOPMENT_SAMPLE
EXERCISE,18,6,15,0.83,NONE,VERY_ACTIVE,7.6,1.0,1,1,SYNTHETIC_DEVELOPMENT_SAMPLE
MEDITATION,12,0,15,0.89,MISSED,SEDENTARY,5.5,1.0,0,0,SYNTHETIC_DEVELOPMENT_SAMPLE
HYDRATION,22,3,45,0.79,COMPLETED,MODERATELY_ACTIVE,7.2,1.0,1,1,SYNTHETIC_DEVELOPMENT_SAMPLE
EXERCISE,10,6,15,0.75,NONE,SEDENTARY,7.9,1.0,1,1,SYNTHETIC_DEVELOPMENT_SAMPLE
HYDRATION,6,5,10,0.41,SKIPPED,MODERATELY_ACTIVE,7.7,1.0,1,1,SYNTHETIC_DEVELOPMENT_SAMPLE
MEDITATION,9,1,20,0.7,MISSED,LIGHTLY_ACTIVE,8.4,1.0,0,0,SYNTHETIC_DEVELOPMENT_SAMPLE
MEAL,8,1,20,0.79,NONE,LIGHTLY_ACTIVE,9.7,0.7,1,1,SYNTHETIC_DEVELOPMENT_SAMPLE
MEAL,6,1,10,0.91,COMPLETED,SEDENTARY,6.8,0.7,1,1,SYNTHETIC_DEVELOPMENT_SAMPLE
HYDRATION,12,4,20,0.88,SKIPPED,SEDENTARY,6.3,1.0,0,0,SYNTHETIC_DEVELOPMENT_SAMPLE
HYDRATION,22,2,10,0.61,NONE,SEDENTARY,8.1,1.0,1,1,SYNTHETIC_DEVELOPMENT_SAMPLE
HYDRATION,14,0,20,0.87,COMPLETED,MODERATELY_ACTIVE,6.1,1.0,0,1,SYNTHETIC_DEVELOPMENT_SAMPLE
MEDITATION,12,5,20,0.83,COMPLETED,SEDENTARY,6.8,1.0,1,1,SYNTHETIC_DEVELOPMENT_SAMPLE
MEAL,21,1,10,0.87,RESCHEDULED,MODERATELY_ACTIVE,7.2,0.7,1,1,SYNTHETIC_DEVELOPMENT_SAMPLE
BREAK,22,4,20,0.63,RESCHEDULED,VERY_ACTIVE,6.3,0.7,1,0,SYNTHETIC_DEVELOPMENT_SAMPLE
MEAL,9,2,20,0.33,MISSED,VERY_ACTIVE,7.1,0.7,0,1,SYNTHETIC_DEVELOPMENT_SAMPLE
EXERCISE,22,0,10,0.82,NONE,VERY_ACTIVE,6.3,1.0,1,0,SYNTHETIC_DEVELOPMENT_SAMPLE
MEAL,10,4,20,0.74,RESCHEDULED,SEDENTARY,7.3,0.7,0,1,SYNTHETIC_DEVELOPMENT_SAMPLE
EXERCISE,17,4,20,0.73,RESCHEDULED,LIGHTLY_ACTIVE,7.6,1.0,1,1,SYNTHETIC_DEVELOPMENT_SAMPLE
MEAL,9,1,20,0.71,SKIPPED,VERY_ACTIVE,7.5,0.7,0,1,SYNTHETIC_DEVELOPMENT_SAMPLE
HYDRATION,21,2,15,0.69,SKIPPED,LIGHTLY_ACTIVE,7.7,1.0,1,1,SYNTHETIC_DEVELOPMENT_SAMPLE
MEAL,7,1,20,0.83,SKIPPED,LIGHTLY_ACTIVE,8.0,0.7,1,0,SYNTHETIC_DEVELOPMENT_SAMPLE
MEDITATION,11,0,15,0.91,NONE,SEDENTARY,8.8,1.0,0,0,SYNTHETIC_DEVELOPMENT_SAMPLE
MEDITATION,9,6,15,0.73,RESCHEDULED,VERY_ACTIVE,7.3,1.0,1,0,SYNTHETIC_DEVELOPMENT_SAMPLE
EXERCISE,10,3,20,0.58,COMPLETED,SEDENTARY,6.8,1.0,0,0,SYNTHETIC_DEVELOPMENT_SAMPLE
EXERCISE,21,5,20,0.43,NONE,MODERATELY_ACTIVE,7.8,1.0,1,0,SYNTHETIC_DEVELOPMENT_SAMPLE
SLEEP_ROUTINE,7,2,30,0.76,MISSED,VERY_ACTIVE,7.9,0.7,1,1,SYNTHETIC_DEVELOPMENT_SAMPLE
MEAL,20,4,15,0.92,MISSED,MODERATELY_ACTIVE,8.5,0.7,1,1,SYNTHETIC_DEVELOPMENT_SAMPLE
MEAL,21,4,15,0.31,SKIPPED,SEDENTARY,7.7,0.7,1,1,SYNTHETIC_DEVELOPMENT_SAMPLE
MEAL,15,2,20,0.94,MISSED,MODERATELY_ACTIVE,8.5,0.7,0,0,SYNTHETIC_DEVELOPMENT_SAMPLE
EXERCISE,21,2,45,0.55,SKIPPED,MODERATELY_ACTIVE,9.0,1.0,1,1,SYNTHETIC_DEVELOPMENT_SAMPLE
MEAL,9,5,30,0.76,COMPLETED,LIGHTLY_ACTIVE,8.8,0.7,1,1,SYNTHETIC_DEVELOPMENT_SAMPLE
MEAL,16,4,20,0.34,MISSED,MODERATELY_ACTIVE,9.1,0.7,1,0,SYNTHETIC_DEVELOPMENT_SAMPLE
MEAL,13,3,10,0.68,COMPLETED,SEDENTARY,7.6,0.7,0,0,SYNTHETIC_DEVELOPMENT_SAMPLE
EXERCISE,21,0,20,0.75,RESCHEDULED,VERY_ACTIVE,6.0,1.0,1,1,SYNTHETIC_DEVELOPMENT_SAMPLE
EXERCISE,10,0,15,0.9,SKIPPED,MODERATELY_ACTIVE,10.0,1.0,0,0,SYNTHETIC_DEVELOPMENT_SAMPLE
MEDITATION,13,4,20,0.35,RESCHEDULED,VERY_ACTIVE,8.2,1.0,0,0,SYNTHETIC_DEVELOPMENT_SAMPLE
MEAL,20,2,30,0.49,COMPLETED,MODERATELY_ACTIVE,5.9,0.7,1,1,SYNTHETIC_DEVELOPMENT_SAMPLE
EXERCISE,22,6,20,0.7,NONE,LIGHTLY_ACTIVE,6.8,1.0,1,1,SYNTHETIC_DEVELOPMENT_SAMPLE
MEDITATION,22,1,45,0.36,MISSED,LIGHTLY_ACTIVE,6.2,1.0,1,1,SYNTHETIC_DEVELOPMENT_SAMPLE
EXERCISE,7,2,20,0.47,SKIPPED,VERY_ACTIVE,6.9,1.0,1,0,SYNTHETIC_DEVELOPMENT_SAMPLE
HYDRATION,13,3,15,0.82,NONE,LIGHTLY_ACTIVE,6.9,1.0,0,1,SYNTHETIC_DEVELOPMENT_SAMPLE
SLEEP_ROUTINE,22,3,30,0.34,NONE,LIGHTLY_ACTIVE,6.7,0.7,1,1,SYNTHETIC_DEVELOPMENT_SAMPLE
SLEEP_ROUTINE,7,6,15,0.67,NONE,VERY_ACTIVE,7.6,0.7,1,1,SYNTHETIC_DEVELOPMENT_SAMPLE
MEAL,19,2,10,0.41,COMPLETED,SEDENTARY,4.9,0.7,1,0,SYNTHETIC_DEVELOPMENT_SAMPLE
EXERCISE,7,0,15,0.53,SKIPPED,MODERATELY_ACTIVE,6.7,1.0,1,0,SYNTHETIC_DEVELOPMENT_SAMPLE
HYDRATION,15,6,10,0.38,NONE,SEDENTARY,7.2,1.0,1,1,SYNTHETIC_DEVELOPMENT_SAMPLE
HYDRATION,17,3,30,0.73,COMPLETED,MODERATELY_ACTIVE,6.8,1.0,1,1,SYNTHETIC_DEVELOPMENT_SAMPLE
EXERCISE,12,3,20,0.63,NONE,SEDENTARY,9.5,1.0,0,0,SYNTHETIC_DEVELOPMENT_SAMPLE
MEAL,9,3,20,0.54,MISSED,LIGHTLY_ACTIVE,9.2,0.7,0,1,SYNTHETIC_DEVELOPMENT_SAMPLE
SLEEP_ROUTINE,8,3,20,0.56,NONE,LIGHTLY_ACTIVE,7.3,0.7,1,1,SYNTHETIC_DEVELOPMENT_SAMPLE
MEDITATION,8,1,20,0.36,COMPLETED,MODERATELY_ACTIVE,7.7,1.0,1,1,SYNTHETIC_DEVELOPMENT_SAMPLE
HYDRATION,14,6,15,0.87,RESCHEDULED,SEDENTARY,8.8,1.0,1,1,SYNTHETIC_DEVELOPMENT_SAMPLE
MEDITATION,22,5,15,0.66,NONE,SEDENTARY,9.2,1.0,1,1,SYNTHETIC_DEVELOPMENT_SAMPLE
EXERCISE,18,6,15,0.43,SKIPPED,MODERATELY_ACTIVE,7.1,1.0,1,1,SYNTHETIC_DEVELOPMENT_SAMPLE
HYDRATION,21,6,20,0.58,COMPLETED,LIGHTLY_ACTIVE,8.3,1.0,1,0,SYNTHETIC_DEVELOPMENT_SAMPLE
HYDRATION,19,5,20,0.74,NONE,VERY_ACTIVE,7.4,1.0,1,1,SYNTHETIC_DEVELOPMENT_SAMPLE
BREAK,15,3,20,0.33,RESCHEDULED,LIGHTLY_ACTIVE,4.6,0.7,0,0,SYNTHETIC_DEVELOPMENT_SAMPLE
MEAL,20,0,30,0.79,COMPLETED,VERY_ACTIVE,7.5,0.7,1,1,SYNTHETIC_DEVELOPMENT_SAMPLE
EXERCISE,6,2,30,0.55,MISSED,MODERATELY_ACTIVE,6.1,1.0,1,1,SYNTHETIC_DEVELOPMENT_SAMPLE
HYDRATION,13,6,45,0.54,NONE,SEDENTARY,7.3,1.0,1,0,SYNTHETIC_DEVELOPMENT_SAMPLE
EXERCISE,16,0,15,0.49,MISSED,MODERATELY_ACTIVE,8.8,1.0,1,1,SYNTHETIC_DEVELOPMENT_SAMPLE
MEAL,11,3,30,0.92,MISSED,VERY_ACTIVE,6.1,0.7,0,0,SYNTHETIC_DEVELOPMENT_SAMPLE
BREAK,22,0,15,0.58,MISSED,LIGHTLY_ACTIVE,8.3,0.7,1,1,SYNTHETIC_DEVELOPMENT_SAMPLE
EXERCISE,6,1,15,0.84,RESCHEDULED,VERY_ACTIVE,7.1,1.0,1,1,SYNTHETIC_DEVELOPMENT_SAMPLE
EXERCISE,20,3,15,0.52,NONE,SEDENTARY,8.0,1.0,1,0,SYNTHETIC_DEVELOPMENT_SAMPLE
EXERCISE,15,0,30,0.79,SKIPPED,MODERATELY_ACTIVE,6.1,1.0,0,0,SYNTHETIC_DEVELOPMENT_SAMPLE
SLEEP_ROUTINE,17,6,15,0.49,COMPLETED,LIGHTLY_ACTIVE,9.3,0.7,1,1,SYNTHETIC_DEVELOPMENT_SAMPLE
EXERCISE,22,3,10,0.78,COMPLETED,VERY_ACTIVE,7.1,1.0,1,1,SYNTHETIC_DEVELOPMENT_SAMPLE
MEAL,19,0,15,0.38,NONE,LIGHTLY_ACTIVE,5.0,0.7,1,0,SYNTHETIC_DEVELOPMENT_SAMPLE
MEDITATION,20,6,30,0.91,RESCHEDULED,MODERATELY_ACTIVE,9.5,1.0,1,0,SYNTHETIC_DEVELOPMENT_SAMPLE
MEDITATION,22,6,15,0.81,SKIPPED,SEDENTARY,8.2,1.0,1,1,SYNTHETIC_DEVELOPMENT_SAMPLE
MEDITATION,18,5,15,0.34,SKIPPED,SEDENTARY,8.3,1.0,1,0,SYNTHETIC_DEVELOPMENT_SAMPLE
EXERCISE,12,1,30,0.79,NONE,SEDENTARY,9.0,1.0,0,0,SYNTHETIC_DEVELOPMENT_SAMPLE
BREAK,14,6,60,0.58,SKIPPED,MODERATELY_ACTIVE,5.4,0.7,1,0,SYNTHETIC_DEVELOPMENT_SAMPLE
MEAL,15,5,45,0.78,MISSED,SEDENTARY,7.4,0.7,1,0,SYNTHETIC_DEVELOPMENT_SAMPLE
EXERCISE,22,0,20,0.4,COMPLETED,VERY_ACTIVE,8.7,1.0,1,1,SYNTHETIC_DEVELOPMENT_SAMPLE
MEDITATION,20,5,30,0.81,NONE,VERY_ACTIVE,7.1,1.0,1,0,SYNTHETIC_DEVELOPMENT_SAMPLE
EXERCISE,22,6,20,0.32,NONE,LIGHTLY_ACTIVE,5.8,1.0,1,0,SYNTHETIC_DEVELOPMENT_SAMPLE
BREAK,22,0,30,0.34,RESCHEDULED,MODERATELY_ACTIVE,6.8,0.7,1,0,SYNTHETIC_DEVELOPMENT_SAMPLE
HYDRATION,20,3,30,0.72,RESCHEDULED,VERY_ACTIVE,7.7,1.0,1,1,SYNTHETIC_DEVELOPMENT_SAMPLE
MEDITATION,22,6,15,0.37,RESCHEDULED,SEDENTARY,7.4,1.0,1,1,SYNTHETIC_DEVELOPMENT_SAMPLE
MEAL,10,6,20,0.42,MISSED,VERY_ACTIVE,5.8,0.7,1,0,SYNTHETIC_DEVELOPMENT_SAMPLE
MEAL,13,6,30,0.92,NONE,LIGHTLY_ACTIVE,6.8,0.7,1,1,SYNTHETIC_DEVELOPMENT_SAMPLE
BREAK,12,1,15,0.49,SKIPPED,LIGHTLY_ACTIVE,9.6,0.7,0,0,SYNTHETIC_DEVELOPMENT_SAMPLE
HYDRATION,16,5,10,0.84,SKIPPED,SEDENTARY,7.6,1.0,1,1,SYNTHETIC_DEVELOPMENT_SAMPLE
MEDITATION,11,1,30,0.61,COMPLETED,SEDENTARY,7.0,1.0,0,0,SYNTHETIC_DEVELOPMENT_SAMPLE
MEAL,15,2,30,0.75,RESCHEDULED,SEDENTARY,7.4,0.7,0,0,SYNTHETIC_DEVELOPMENT_SAMPLE
MEDITATION,11,2,45,0.56,MISSED,SEDENTARY,9.2,1.0,0,0,SYNTHETIC_DEVELOPMENT_SAMPLE
EXERCISE,14,0,15,0.7,NONE,MODERATELY_ACTIVE,8.5,1.0,0,0,SYNTHETIC_DEVELOPMENT_SAMPLE
BREAK,7,4,20,0.59,SKIPPED,LIGHTLY_ACTIVE,8.3,0.7,1,1,SYNTHETIC_DEVELOPMENT_SAMPLE
SLEEP_ROUTINE,19,2,20,0.41,MISSED,MODERATELY_ACTIVE,8.5,0.7,1,1,SYNTHETIC_DEVELOPMENT_SAMPLE
SLEEP_ROUTINE,18,6,10,0.45,SKIPPED,VERY_ACTIVE,6.7,0.7,1,1,SYNTHETIC_DEVELOPMENT_SAMPLE
SLEEP_ROUTINE,21,5,30,0.5,SKIPPED,VERY_ACTIVE,5.5,0.7,1,0,SYNTHETIC_DEVELOPMENT_SAMPLE
MEAL,7,1,15,0.76,RESCHEDULED,VERY_ACTIVE,5.8,0.7,1,0,SYNTHETIC_DEVELOPMENT_SAMPLE
MEDITATION,9,4,10,0.36,RESCHEDULED,VERY_ACTIVE,6.8,1.0,0,0,SYNTHETIC_DEVELOPMENT_SAMPLE
MEAL,10,5,15,0.52,NONE,VERY_ACTIVE,4.0,0.7,1,0,SYNTHETIC_DEVELOPMENT_SAMPLE
MEDITATION,19,3,15,0.67,NONE,MODERATELY_ACTIVE,6.8,1.0,1,0,SYNTHETIC_DEVELOPMENT_SAMPLE
MEAL,11,6,20,0.57,SKIPPED,SEDENTARY,7.6,0.7,1,1,SYNTHETIC_DEVELOPMENT_SAMPLE
SLEEP_ROUTINE,16,5,60,0.52,RESCHEDULED,VERY_ACTIVE,8.7,0.7,1,1,SYNTHETIC_DEVELOPMENT_SAMPLE
EXERCISE,11,5,45,0.81,RESCHEDULED,SEDENTARY,6.1,1.0,1,1,SYNTHETIC_DEVELOPMENT_SAMPLE
HYDRATION,16,4,10,0.32,RESCHEDULED,LIGHTLY_ACTIVE,7.3,1.0,1,1,SYNTHETIC_DEVELOPMENT_SAMPLE
MEAL,12,3,60,0.82,MISSED,SEDENTARY,9.9,0.7,0,0,SYNTHETIC_DEVELOPMENT_SAMPLE
HYDRATION,15,1,20,0.73,NONE,MODERATELY_ACTIVE,7.3,1.0,0,0,SYNTHETIC_DEVELOPMENT_SAMPLE
SLEEP_ROUTINE,9,6,10,0.83,COMPLETED,SEDENTARY,5.5,0.7,1,0,SYNTHETIC_DEVELOPMENT_SAMPLE
HYDRATION,12,1,20,0.63,MISSED,LIGHTLY_ACTIVE,7.2,1.0,0,1,SYNTHETIC_DEVELOPMENT_SAMPLE
EXERCISE,16,4,10,0.4,MISSED,SEDENTARY,6.0,1.0,1,1,SYNTHETIC_DEVELOPMENT_SAMPLE
MEAL,15,0,20,0.79,SKIPPED,MODERATELY_ACTIVE,6.8,0.7,0,0,SYNTHETIC_DEVELOPMENT_SAMPLE
EXERCISE,16,2,30,0.52,SKIPPED,SEDENTARY,6.9,1.0,1,1,SYNTHETIC_DEVELOPMENT_SAMPLE
EXERCISE,7,3,20,0.81,MISSED,VERY_ACTIVE,7.8,1.0,1,0,SYNTHETIC_DEVELOPMENT_SAMPLE
MEAL,7,6,30,0.56,RESCHEDULED,SEDENTARY,9.1,0.7,1,0,SYNTHETIC_DEVELOPMENT_SAMPLE
EXERCISE,19,4,20,0.52,SKIPPED,VERY_ACTIVE,9.5,1.0,1,1,SYNTHETIC_DEVELOPMENT_SAMPLE
SLEEP_ROUTINE,18,3,30,0.81,NONE,VERY_ACTIVE,5.3,0.7,1,0,SYNTHETIC_DEVELOPMENT_SAMPLE
MEAL,11,2,15,0.79,MISSED,SEDENTARY,8.2,0.7,0,0,SYNTHETIC_DEVELOPMENT_SAMPLE
MEAL,19,6,10,0.77,COMPLETED,SEDENTARY,7.4,0.7,1,0,SYNTHETIC_DEVELOPMENT_SAMPLE
MEAL,17,1,15,0.88,MISSED,LIGHTLY_ACTIVE,6.9,0.7,1,1,SYNTHETIC_DEVELOPMENT_SAMPLE
EXERCISE,8,0,20,0.4,NONE,MODERATELY_ACTIVE,8.8,1.0,1,1,SYNTHETIC_DEVELOPMENT_SAMPLE
HYDRATION,10,3,15,0.55,COMPLETED,VERY_ACTIVE,7.5,1.0,0,1,SYNTHETIC_DEVELOPMENT_SAMPLE
EXERCISE,12,6,60,0.56,SKIPPED,VERY_ACTIVE,6.5,1.0,1,0,SYNTHETIC_DEVELOPMENT_SAMPLE
MEAL,11,4,30,0.54,RESCHEDULED,MODERATELY_ACTIVE,8.4,0.7,0,0,SYNTHETIC_DEVELOPMENT_SAMPLE
EXERCISE,18,3,30,0.87,MISSED,LIGHTLY_ACTIVE,7.3,1.0,1,1,SYNTHETIC_DEVELOPMENT_SAMPLE
HYDRATION,20,4,30,0.45,RESCHEDULED,VERY_ACTIVE,7.0,1.0,1,0,SYNTHETIC_DEVELOPMENT_SAMPLE
EXERCISE,16,4,20,0.36,MISSED,VERY_ACTIVE,7.4,1.0,1,0,SYNTHETIC_DEVELOPMENT_SAMPLE
EXERCISE,15,2,45,0.64,MISSED,VERY_ACTIVE,6.1,1.0,0,0,SYNTHETIC_DEVELOPMENT_SAMPLE
MEAL,22,1,15,0.94,MISSED,VERY_ACTIVE,6.2,0.7,1,0,SYNTHETIC_DEVELOPMENT_SAMPLE
MEAL,17,1,30,0.52,MISSED,SEDENTARY,8.8,0.7,1,0,SYNTHETIC_DEVELOPMENT_SAMPLE
HYDRATION,21,0,60,0.84,COMPLETED,VERY_ACTIVE,6.0,1.0,1,0,SYNTHETIC_DEVELOPMENT_SAMPLE
MEAL,16,3,45,0.46,SKIPPED,VERY_ACTIVE,9.2,0.7,1,0,SYNTHETIC_DEVELOPMENT_SAMPLE
MEDITATION,6,3,15,0.34,RESCHEDULED,SEDENTARY,7.6,1.0,1,1,SYNTHETIC_DEVELOPMENT_SAMPLE
MEAL,11,6,20,0.77,COMPLETED,LIGHTLY_ACTIVE,7.2,0.7,1,1,SYNTHETIC_DEVELOPMENT_SAMPLE
EXERCISE,12,4,10,0.86,COMPLETED,SEDENTARY,7.8,1.0,0,1,SYNTHETIC_DEVELOPMENT_SAMPLE
MEAL,9,0,10,0.54,NONE,MODERATELY_ACTIVE,6.1,0.7,0,1,SYNTHETIC_DEVELOPMENT_SAMPLE
MEDITATION,9,1,20,0.74,COMPLETED,LIGHTLY_ACTIVE,8.5,1.0,0,0,SYNTHETIC_DEVELOPMENT_SAMPLE
MEAL,12,5,30,0.68,RESCHEDULED,LIGHTLY_ACTIVE,7.4,0.7,1,1,SYNTHETIC_DEVELOPMENT_SAMPLE
MEAL,17,3,30,0.81,NONE,MODERATELY_ACTIVE,7.9,0.7,1,1,SYNTHETIC_DEVELOPMENT_SAMPLE
MEAL,10,1,20,0.91,COMPLETED,LIGHTLY_ACTIVE,6.2,0.7,0,0,SYNTHETIC_DEVELOPMENT_SAMPLE
SLEEP_ROUTINE,12,0,45,0.31,NONE,SEDENTARY,4.9,0.7,0,0,SYNTHETIC_DEVELOPMENT_SAMPLE
EXERCISE,17,5,10,0.42,SKIPPED,VERY_ACTIVE,8.2,1.0,1,1,SYNTHETIC_DEVELOPMENT_SAMPLE
BREAK,17,2,15,0.59,MISSED,LIGHTLY_ACTIVE,7.2,0.7,1,1,SYNTHETIC_DEVELOPMENT_SAMPLE
EXERCISE,11,1,30,0.69,MISSED,VERY_ACTIVE,5.1,1.0,0,0,SYNTHETIC_DEVELOPMENT_SAMPLE
EXERCISE,22,0,10,0.83,NONE,MODERATELY_ACTIVE,6.4,1.0,1,0,SYNTHETIC_DEVELOPMENT_SAMPLE
MEAL,20,6,20,0.41,MISSED,LIGHTLY_ACTIVE,8.3,0.7,1,1,SYNTHETIC_DEVELOPMENT_SAMPLE
MEDITATION,11,3,20,0.63,MISSED,MODERATELY_ACTIVE,8.5,1.0,0,0,SYNTHETIC_DEVELOPMENT_SAMPLE
MEAL,8,4,20,0.64,MISSED,VERY_ACTIVE,6.7,0.7,1,1,SYNTHETIC_DEVELOPMENT_SAMPLE
MEDITATION,12,6,30,0.83,COMPLETED,SEDENTARY,4.8,1.0,1,0,SYNTHETIC_DEVELOPMENT_SAMPLE
MEAL,22,0,45,0.94,RESCHEDULED,LIGHTLY_ACTIVE,6.5,0.7,1,0,SYNTHETIC_DEVELOPMENT_SAMPLE
HYDRATION,9,0,10,0.75,NONE,MODERATELY_ACTIVE,6.9,1.0,0,0,SYNTHETIC_DEVELOPMENT_SAMPLE
EXERCISE,20,0,20,0.32,COMPLETED,VERY_ACTIVE,6.6,1.0,1,1,SYNTHETIC_DEVELOPMENT_SAMPLE
EXERCISE,8,1,20,0.77,NONE,SEDENTARY,5.7,1.0,1,0,SYNTHETIC_DEVELOPMENT_SAMPLE
EXERCISE,20,6,30,0.58,COMPLETED,MODERATELY_ACTIVE,7.8,1.0,1,0,SYNTHETIC_DEVELOPMENT_SAMPLE
BREAK,19,5,30,0.45,COMPLETED,SEDENTARY,7.6,0.7,1,1,SYNTHETIC_DEVELOPMENT_SAMPLE
HYDRATION,17,6,15,0.78,COMPLETED,MODERATELY_ACTIVE,7.1,1.0,1,1,SYNTHETIC_DEVELOPMENT_SAMPLE
EXERCISE,22,4,30,0.39,MISSED,VERY_ACTIVE,4.5,1.0,1,0,SYNTHETIC_DEVELOPMENT_SAMPLE
BREAK,21,3,30,0.56,RESCHEDULED,MODERATELY_ACTIVE,8.5,0.7,1,0,SYNTHETIC_DEVELOPMENT_SAMPLE
SLEEP_ROUTINE,13,4,60,0.44,MISSED,VERY_ACTIVE,8.3,0.7,0,0,SYNTHETIC_DEVELOPMENT_SAMPLE
BREAK,20,0,30,0.43,MISSED,SEDENTARY,8.5,0.7,1,1,SYNTHETIC_DEVELOPMENT_SAMPLE
EXERCISE,20,2,20,0.81,RESCHEDULED,MODERATELY_ACTIVE,8.3,1.0,1,1,SYNTHETIC_DEVELOPMENT_SAMPLE
HYDRATION,13,4,20,0.39,NONE,LIGHTLY_ACTIVE,5.9,1.0,0,0,SYNTHETIC_DEVELOPMENT_SAMPLE
MEAL,14,1,15,0.3,MISSED,SEDENTARY,6.8,0.7,0,1,SYNTHETIC_DEVELOPMENT_SAMPLE
EXERCISE,8,6,20,0.34,MISSED,LIGHTLY_ACTIVE,7.0,1.0,1,0,SYNTHETIC_DEVELOPMENT_SAMPLE
MEDITATION,18,2,45,0.43,NONE,SEDENTARY,7.5,1.0,1,0,SYNTHETIC_DEVELOPMENT_SAMPLE
MEAL,21,5,45,0.67,MISSED,SEDENTARY,8.5,0.7,1,1,SYNTHETIC_DEVELOPMENT_SAMPLE
EXERCISE,7,0,20,0.68,SKIPPED,LIGHTLY_ACTIVE,6.3,1.0,1,1,SYNTHETIC_DEVELOPMENT_SAMPLE
EXERCISE,14,6,10,0.72,COMPLETED,SEDENTARY,7.4,1.0,1,0,SYNTHETIC_DEVELOPMENT_SAMPLE
BREAK,21,6,15,0.88,NONE,VERY_ACTIVE,7.4,0.7,1,0,SYNTHETIC_DEVELOPMENT_SAMPLE
EXERCISE,18,1,15,0.39,MISSED,VERY_ACTIVE,7.4,1.0,1,1,SYNTHETIC_DEVELOPMENT_SAMPLE
EXERCISE,16,2,45,0.32,RESCHEDULED,VERY_ACTIVE,5.0,1.0,1,0,SYNTHETIC_DEVELOPMENT_SAMPLE
EXERCISE,12,1,30,0.91,NONE,MODERATELY_ACTIVE,5.9,1.0,0,0,SYNTHETIC_DEVELOPMENT_SAMPLE
MEDITATION,10,6,15,0.4,RESCHEDULED,VERY_ACTIVE,7.1,1.0,1,0,SYNTHETIC_DEVELOPMENT_SAMPLE
HYDRATION,8,1,10,0.43,RESCHEDULED,VERY_ACTIVE,7.8,1.0,1,1,SYNTHETIC_DEVELOPMENT_SAMPLE
MEDITATION,20,5,30,0.89,RESCHEDULED,MODERATELY_ACTIVE,7.7,1.0,1,0,SYNTHETIC_DEVELOPMENT_SAMPLE
EXERCISE,11,3,20,0.52,COMPLETED,VERY_ACTIVE,7.5,1.0,0,0,SYNTHETIC_DEVELOPMENT_SAMPLE
EXERCISE,13,1,15,0.83,SKIPPED,SEDENTARY,8.1,1.0,0,0,SYNTHETIC_DEVELOPMENT_SAMPLE
HYDRATION,11,1,45,0.74,COMPLETED,MODERATELY_ACTIVE,6.7,1.0,0,0,SYNTHETIC_DEVELOPMENT_SAMPLE
MEAL,7,3,30,0.86,MISSED,LIGHTLY_ACTIVE,7.5,0.7,1,1,SYNTHETIC_DEVELOPMENT_SAMPLE
BREAK,21,5,45,0.39,COMPLETED,SEDENTARY,6.5,0.7,1,0,SYNTHETIC_DEVELOPMENT_SAMPLE
HYDRATION,9,2,45,0.41,MISSED,SEDENTARY,8.6,1.0,0,0,SYNTHETIC_DEVELOPMENT_SAMPLE
EXERCISE,16,1,20,0.42,RESCHEDULED,SEDENTARY,7.1,1.0,1,0,SYNTHETIC_DEVELOPMENT_SAMPLE
MEAL,8,4,60,0.91,MISSED,VERY_ACTIVE,9.4,0.7,1,1,SYNTHETIC_DEVELOPMENT_SAMPLE
EXERCISE,19,1,10,0.92,SKIPPED,VERY_ACTIVE,6.9,1.0,1,1,SYNTHETIC_DEVELOPMENT_SAMPLE
HYDRATION,20,4,15,0.8,NONE,VERY_ACTIVE,7.4,1.0,1,1,SYNTHETIC_DEVELOPMENT_SAMPLE
EXERCISE,12,4,10,0.38,COMPLETED,LIGHTLY_ACTIVE,5.2,1.0,0,0,SYNTHETIC_DEVELOPMENT_SAMPLE
MEDITATION,7,0,20,0.86,NONE,VERY_ACTIVE,8.9,1.0,1,1,SYNTHETIC_DEVELOPMENT_SAMPLE
SLEEP_ROUTINE,22,2,20,0.47,SKIPPED,VERY_ACTIVE,6.7,0.7,1,0,SYNTHETIC_DEVELOPMENT_SAMPLE
MEDITATION,11,0,60,0.58,RESCHEDULED,VERY_ACTIVE,6.7,1.0,0,0,SYNTHETIC_DEVELOPMENT_SAMPLE
MEAL,7,0,20,0.63,SKIPPED,MODERATELY_ACTIVE,7.0,0.7,1,0,SYNTHETIC_DEVELOPMENT_SAMPLE
HYDRATION,6,1,30,0.45,COMPLETED,VERY_ACTIVE,5.9,1.0,1,1,SYNTHETIC_DEVELOPMENT_SAMPLE
HYDRATION,6,3,15,0.79,RESCHEDULED,LIGHTLY_ACTIVE,6.2,1.0,1,1,SYNTHETIC_DEVELOPMENT_SAMPLE
EXERCISE,15,0,20,0.82,NONE,SEDENTARY,9.5,1.0,0,0,SYNTHETIC_DEVELOPMENT_SAMPLE
SLEEP_ROUTINE,7,1,10,0.83,SKIPPED,LIGHTLY_ACTIVE,6.5,0.7,1,1,SYNTHETIC_DEVELOPMENT_SAMPLE
MEDITATION,6,3,60,0.86,MISSED,SEDENTARY,6.0,1.0,1,1,SYNTHETIC_DEVELOPMENT_SAMPLE
MEAL,11,3,30,0.3,COMPLETED,LIGHTLY_ACTIVE,8.8,0.7,0,0,SYNTHETIC_DEVELOPMENT_SAMPLE
EXERCISE,20,6,15,0.66,RESCHEDULED,MODERATELY_ACTIVE,6.1,1.0,1,0,SYNTHETIC_DEVELOPMENT_SAMPLE
SLEEP_ROUTINE,14,1,10,0.92,SKIPPED,MODERATELY_ACTIVE,4.8,0.7,0,0,SYNTHETIC_DEVELOPMENT_SAMPLE
MEDITATION,20,5,45,0.77,MISSED,SEDENTARY,7.8,1.0,1,0,SYNTHETIC_DEVELOPMENT_SAMPLE
EXERCISE,6,2,30,0.39,MISSED,SEDENTARY,6.6,1.0,1,0,SYNTHETIC_DEVELOPMENT_SAMPLE
EXERCISE,6,3,45,0.89,COMPLETED,MODERATELY_ACTIVE,7.0,1.0,1,1,SYNTHETIC_DEVELOPMENT_SAMPLE
MEDITATION,19,4,20,0.65,MISSED,LIGHTLY_ACTIVE,7.5,1.0,1,1,SYNTHETIC_DEVELOPMENT_SAMPLE
MEDITATION,10,3,30,0.78,RESCHEDULED,SEDENTARY,7.4,1.0,0,0,SYNTHETIC_DEVELOPMENT_SAMPLE
MEDITATION,18,0,10,0.48,RESCHEDULED,MODERATELY_ACTIVE,5.8,1.0,1,0,SYNTHETIC_DEVELOPMENT_SAMPLE
EXERCISE,18,6,20,0.92,NONE,LIGHTLY_ACTIVE,6.7,1.0,1,0,SYNTHETIC_DEVELOPMENT_SAMPLE
MEDITATION,19,4,15,0.71,NONE,LIGHTLY_ACTIVE,7.5,1.0,1,1,SYNTHETIC_DEVELOPMENT_SAMPLE
MEAL,12,2,30,0.75,MISSED,MODERATELY_ACTIVE,7.5,0.7,0,0,SYNTHETIC_DEVELOPMENT_SAMPLE
BREAK,15,6,30,0.75,NONE,LIGHTLY_ACTIVE,8.7,0.7,1,1,SYNTHETIC_DEVELOPMENT_SAMPLE
MEAL,20,1,20,0.91,COMPLETED,VERY_ACTIVE,8.5,0.7,1,1,SYNTHETIC_DEVELOPMENT_SAMPLE
MEAL,7,6,10,0.87,COMPLETED,MODERATELY_ACTIVE,6.6,0.7,1,1,SYNTHETIC_DEVELOPMENT_SAMPLE
EXERCISE,6,2,10,0.7,MISSED,SEDENTARY,6.3,1.0,1,1,SYNTHETIC_DEVELOPMENT_SAMPLE
MEDITATION,22,4,30,0.56,RESCHEDULED,LIGHTLY_ACTIVE,7.0,1.0,1,1,SYNTHETIC_DEVELOPMENT_SAMPLE
MEDITATION,22,4,20,0.68,SKIPPED,MODERATELY_ACTIVE,6.8,1.0,1,1,SYNTHETIC_DEVELOPMENT_SAMPLE
EXERCISE,22,1,30,0.5,NONE,LIGHTLY_ACTIVE,5.3,1.0,1,1,SYNTHETIC_DEVELOPMENT_SAMPLE
SLEEP_ROUTINE,9,1,20,0.68,MISSED,VERY_ACTIVE,5.4,0.7,0,0,SYNTHETIC_DEVELOPMENT_SAMPLE
BREAK,19,3,20,0.84,MISSED,LIGHTLY_ACTIVE,7.0,0.7,1,0,SYNTHETIC_DEVELOPMENT_SAMPLE
MEAL,17,0,20,0.5,MISSED,MODERATELY_ACTIVE,7.8,0.7,1,0,SYNTHETIC_DEVELOPMENT_SAMPLE
HYDRATION,12,5,30,0.82,NONE,LIGHTLY_ACTIVE,7.7,1.0,1,1,SYNTHETIC_DEVELOPMENT_SAMPLE
EXERCISE,15,5,30,0.59,NONE,MODERATELY_ACTIVE,8.8,1.0,1,1,SYNTHETIC_DEVELOPMENT_SAMPLE
HYDRATION,16,1,15,0.49,SKIPPED,SEDENTARY,5.5,1.0,1,1,SYNTHETIC_DEVELOPMENT_SAMPLE
EXERCISE,9,4,20,0.7,RESCHEDULED,LIGHTLY_ACTIVE,9.9,1.0,0,0,SYNTHETIC_DEVELOPMENT_SAMPLE
HYDRATION,21,3,10,0.31,NONE,MODERATELY_ACTIVE,8.0,1.0,1,1,SYNTHETIC_DEVELOPMENT_SAMPLE
EXERCISE,7,3,45,0.91,RESCHEDULED,VERY_ACTIVE,5.0,1.0,1,0,SYNTHETIC_DEVELOPMENT_SAMPLE
EXERCISE,9,5,10,0.85,NONE,MODERATELY_ACTIVE,8.2,1.0,1,1,SYNTHETIC_DEVELOPMENT_SAMPLE
MEAL,11,3,45,0.36,MISSED,SEDENTARY,6.9,0.7,0,0,SYNTHETIC_DEVELOPMENT_SAMPLE
HYDRATION,10,0,20,0.43,COMPLETED,LIGHTLY_ACTIVE,5.7,1.0,0,1,SYNTHETIC_DEVELOPMENT_SAMPLE
MEDITATION,16,5,45,0.73,MISSED,MODERATELY_ACTIVE,7.3,1.0,1,1,SYNTHETIC_DEVELOPMENT_SAMPLE
EXERCISE,22,0,30,0.83,COMPLETED,VERY_ACTIVE,8.1,1.0,1,1,SYNTHETIC_DEVELOPMENT_SAMPLE
EXERCISE,7,1,30,0.88,SKIPPED,SEDENTARY,6.2,1.0,1,1,SYNTHETIC_DEVELOPMENT_SAMPLE
MEAL,17,0,20,0.48,RESCHEDULED,SEDENTARY,7.9,0.7,1,0,SYNTHETIC_DEVELOPMENT_SAMPLE
SLEEP_ROUTINE,21,3,10,0.58,SKIPPED,SEDENTARY,6.8,0.7,1,1,SYNTHETIC_DEVELOPMENT_SAMPLE
SLEEP_ROUTINE,12,0,15,0.78,NONE,VERY_ACTIVE,7.6,0.7,0,0,SYNTHETIC_DEVELOPMENT_SAMPLE
SLEEP_ROUTINE,11,0,20,0.34,MISSED,LIGHTLY_ACTIVE,5.8,0.7,0,0,SYNTHETIC_DEVELOPMENT_SAMPLE
MEDITATION,12,0,20,0.35,COMPLETED,VERY_ACTIVE,8.7,1.0,0,0,SYNTHETIC_DEVELOPMENT_SAMPLE
EXERCISE,15,5,30,0.55,SKIPPED,LIGHTLY_ACTIVE,8.9,1.0,1,1,SYNTHETIC_DEVELOPMENT_SAMPLE
MEAL,12,0,30,0.47,COMPLETED,SEDENTARY,7.0,0.7,0,1,SYNTHETIC_DEVELOPMENT_SAMPLE
MEAL,19,5,15,0.37,RESCHEDULED,SEDENTARY,7.5,0.7,1,0,SYNTHETIC_DEVELOPMENT_SAMPLE
BREAK,9,0,20,0.76,RESCHEDULED,LIGHTLY_ACTIVE,6.8,0.7,0,0,SYNTHETIC_DEVELOPMENT_SAMPLE
MEAL,21,0,10,0.57,COMPLETED,VERY_ACTIVE,7.4,0.7,1,1,SYNTHETIC_DEVELOPMENT_SAMPLE
EXERCISE,8,1,20,0.37,RESCHEDULED,LIGHTLY_ACTIVE,5.7,1.0,1,1,SYNTHETIC_DEVELOPMENT_SAMPLE
BREAK,18,4,20,0.35,NONE,MODERATELY_ACTIVE,7.3,0.7,1,1,SYNTHETIC_DEVELOPMENT_SAMPLE
MEAL,14,6,45,0.72,SKIPPED,VERY_ACTIVE,8.1,0.7,1,1,SYNTHETIC_DEVELOPMENT_SAMPLE
EXERCISE,20,1,20,0.74,RESCHEDULED,VERY_ACTIVE,8.3,1.0,1,1,SYNTHETIC_DEVELOPMENT_SAMPLE
MEDITATION,9,2,30,0.91,NONE,SEDENTARY,5.4,1.0,0,0,SYNTHETIC_DEVELOPMENT_SAMPLE
EXERCISE,12,4,10,0.43,NONE,MODERATELY_ACTIVE,9.2,1.0,0,1,SYNTHETIC_DEVELOPMENT_SAMPLE
EXERCISE,17,1,30,0.88,RESCHEDULED,SEDENTARY,4.9,1.0,1,1,SYNTHETIC_DEVELOPMENT_SAMPLE
BREAK,8,4,60,0.42,SKIPPED,SEDENTARY,5.9,0.7,1,0,SYNTHETIC_DEVELOPMENT_SAMPLE
MEDITATION,6,6,30,0.8,MISSED,LIGHTLY_ACTIVE,8.9,1.0,1,1,SYNTHETIC_DEVELOPMENT_SAMPLE
EXERCISE,20,4,20,0.46,SKIPPED,VERY_ACTIVE,7.0,1.0,1,1,SYNTHETIC_DEVELOPMENT_SAMPLE
EXERCISE,10,2,20,0.85,MISSED,MODERATELY_ACTIVE,6.8,1.0,0,0,SYNTHETIC_DEVELOPMENT_SAMPLE
HYDRATION,7,0,20,0.62,NONE,LIGHTLY_ACTIVE,6.2,1.0,1,1,SYNTHETIC_DEVELOPMENT_SAMPLE
MEDITATION,15,0,15,0.53,MISSED,MODERATELY_ACTIVE,8.1,1.0,0,0,SYNTHETIC_DEVELOPMENT_SAMPLE
MEAL,12,1,20,0.73,RESCHEDULED,SEDENTARY,8.0,0.7,0,0,SYNTHETIC_DEVELOPMENT_SAMPLE
BREAK,13,6,30,0.63,MISSED,MODERATELY_ACTIVE,5.3,0.7,1,0,SYNTHETIC_DEVELOPMENT_SAMPLE
BREAK,21,0,30,0.86,RESCHEDULED,VERY_ACTIVE,4.4,0.7,1,0,SYNTHETIC_DEVELOPMENT_SAMPLE
HYDRATION,22,3,20,0.57,RESCHEDULED,MODERATELY_ACTIVE,6.6,1.0,1,1,SYNTHETIC_DEVELOPMENT_SAMPLE
EXERCISE,20,6,60,0.63,COMPLETED,LIGHTLY_ACTIVE,7.7,1.0,1,0,SYNTHETIC_DEVELOPMENT_SAMPLE
EXERCISE,9,3,30,0.93,RESCHEDULED,MODERATELY_ACTIVE,8.4,1.0,0,1,SYNTHETIC_DEVELOPMENT_SAMPLE
EXERCISE,7,1,15,0.94,SKIPPED,SEDENTARY,9.4,1.0,1,0,SYNTHETIC_DEVELOPMENT_SAMPLE
EXERCISE,13,0,30,0.48,NONE,LIGHTLY_ACTIVE,6.8,1.0,0,1,SYNTHETIC_DEVELOPMENT_SAMPLE
EXERCISE,10,1,10,0.6,NONE,VERY_ACTIVE,6.7,1.0,0,0,SYNTHETIC_DEVELOPMENT_SAMPLE
EXERCISE,19,0,20,0.81,RESCHEDULED,LIGHTLY_ACTIVE,7.1,1.0,1,1,SYNTHETIC_DEVELOPMENT_SAMPLE
MEAL,6,6,15,0.7,RESCHEDULED,VERY_ACTIVE,8.4,0.7,1,1,SYNTHETIC_DEVELOPMENT_SAMPLE
MEAL,20,5,60,0.84,COMPLETED,SEDENTARY,7.3,0.7,1,1,SYNTHETIC_DEVELOPMENT_SAMPLE
SLEEP_ROUTINE,8,0,20,0.77,NONE,LIGHTLY_ACTIVE,9.4,0.7,1,1,SYNTHETIC_DEVELOPMENT_SAMPLE
MEDITATION,22,6,30,0.71,MISSED,MODERATELY_ACTIVE,6.9,1.0,1,1,SYNTHETIC_DEVELOPMENT_SAMPLE
MEAL,15,1,45,0.81,MISSED,MODERATELY_ACTIVE,9.5,0.7,0,0,SYNTHETIC_DEVELOPMENT_SAMPLE
EXERCISE,12,0,45,0.36,RESCHEDULED,LIGHTLY_ACTIVE,7.6,1.0,0,0,SYNTHETIC_DEVELOPMENT_SAMPLE
EXERCISE,9,4,15,0.65,NONE,LIGHTLY_ACTIVE,7.5,1.0,0,1,SYNTHETIC_DEVELOPMENT_SAMPLE
SLEEP_ROUTINE,16,2,10,0.88,RESCHEDULED,SEDENTARY,6.4,0.7,1,0,SYNTHETIC_DEVELOPMENT_SAMPLE
MEAL,8,5,30,0.52,RESCHEDULED,SEDENTARY,7.9,0.7,1,1,SYNTHETIC_DEVELOPMENT_SAMPLE
EXERCISE,12,3,20,0.85,MISSED,VERY_ACTIVE,6.3,1.0,0,0,SYNTHETIC_DEVELOPMENT_SAMPLE
EXERCISE,17,5,45,0.73,RESCHEDULED,LIGHTLY_ACTIVE,6.7,1.0,1,1,SYNTHETIC_DEVELOPMENT_SAMPLE
HYDRATION,13,6,20,0.66,RESCHEDULED,LIGHTLY_ACTIVE,6.5,1.0,1,0,SYNTHETIC_DEVELOPMENT_SAMPLE
BREAK,17,1,20,0.75,RESCHEDULED,SEDENTARY,5.3,0.7,1,1,SYNTHETIC_DEVELOPMENT_SAMPLE
MEAL,10,3,15,0.5,RESCHEDULED,MODERATELY_ACTIVE,5.7,0.7,0,0,SYNTHETIC_DEVELOPMENT_SAMPLE
MEAL,17,1,30,0.56,COMPLETED,MODERATELY_ACTIVE,6.8,0.7,1,0,SYNTHETIC_DEVELOPMENT_SAMPLE
EXERCISE,11,4,30,0.44,RESCHEDULED,MODERATELY_ACTIVE,8.4,1.0,0,1,SYNTHETIC_DEVELOPMENT_SAMPLE
SLEEP_ROUTINE,8,2,10,0.92,MISSED,SEDENTARY,6.5,0.7,1,1,SYNTHETIC_DEVELOPMENT_SAMPLE
MEAL,9,1,15,0.46,MISSED,SEDENTARY,5.9,0.7,0,0,SYNTHETIC_DEVELOPMENT_SAMPLE
EXERCISE,18,2,10,0.86,MISSED,MODERATELY_ACTIVE,6.4,1.0,1,1,SYNTHETIC_DEVELOPMENT_SAMPLE
MEDITATION,17,0,30,0.86,NONE,MODERATELY_ACTIVE,8.1,1.0,1,0,SYNTHETIC_DEVELOPMENT_SAMPLE
EXERCISE,22,2,20,0.95,NONE,VERY_ACTIVE,6.5,1.0,1,0,SYNTHETIC_DEVELOPMENT_SAMPLE
MEAL,16,6,45,0.83,RESCHEDULED,VERY_ACTIVE,6.6,0.7,1,0,SYNTHETIC_DEVELOPMENT_SAMPLE
SLEEP_ROUTINE,18,0,10,0.67,NONE,VERY_ACTIVE,4.5,0.7,1,0,SYNTHETIC_DEVELOPMENT_SAMPLE
MEAL,8,2,15,0.64,NONE,VERY_ACTIVE,6.1,0.7,1,1,SYNTHETIC_DEVELOPMENT_SAMPLE
HYDRATION,8,6,15,0.62,SKIPPED,LIGHTLY_ACTIVE,7.2,1.0,1,1,SYNTHETIC_DEVELOPMENT_SAMPLE
MEDITATION,17,6,15,0.6,NONE,MODERATELY_ACTIVE,5.6,1.0,1,1,SYNTHETIC_DEVELOPMENT_SAMPLE
HYDRATION,7,5,20,0.59,COMPLETED,SEDENTARY,9.1,1.0,1,1,SYNTHETIC_DEVELOPMENT_SAMPLE
SLEEP_ROUTINE,10,6,30,0.36,NONE,LIGHTLY_ACTIVE,7.2,0.7,1,0,SYNTHETIC_DEVELOPMENT_SAMPLE
MEDITATION,20,1,20,0.95,COMPLETED,VERY_ACTIVE,7.3,1.0,1,1,SYNTHETIC_DEVELOPMENT_SAMPLE
EXERCISE,12,4,30,0.72,SKIPPED,SEDENTARY,8.5,1.0,0,1,SYNTHETIC_DEVELOPMENT_SAMPLE
MEDITATION,15,6,15,0.55,RESCHEDULED,LIGHTLY_ACTIVE,7.1,1.0,1,0,SYNTHETIC_DEVELOPMENT_SAMPLE
MEAL,12,3,20,0.81,NONE,VERY_ACTIVE,7.8,0.7,0,0,SYNTHETIC_DEVELOPMENT_SAMPLE
BREAK,16,2,15,0.57,SKIPPED,MODERATELY_ACTIVE,7.5,0.7,1,0,SYNTHETIC_DEVELOPMENT_SAMPLE
MEAL,8,6,15,0.8,MISSED,LIGHTLY_ACTIVE,6.5,0.7,1,1,SYNTHETIC_DEVELOPMENT_SAMPLE
EXERCISE,7,1,10,0.69,SKIPPED,SEDENTARY,7.1,1.0,1,0,SYNTHETIC_DEVELOPMENT_SAMPLE
BREAK,17,3,20,0.34,COMPLETED,MODERATELY_ACTIVE,8.6,0.7,1,1,SYNTHETIC_DEVELOPMENT_SAMPLE
MEDITATION,18,1,30,0.47,NONE,LIGHTLY_ACTIVE,6.3,1.0,1,1,SYNTHETIC_DEVELOPMENT_SAMPLE
EXERCISE,20,6,60,0.94,MISSED,SEDENTARY,7.6,1.0,1,0,SYNTHETIC_DEVELOPMENT_SAMPLE
HYDRATION,11,5,45,0.53,COMPLETED,SEDENTARY,5.8,1.0,1,1,SYNTHETIC_DEVELOPMENT_SAMPLE
MEAL,13,1,20,0.71,NONE,VERY_ACTIVE,8.7,0.7,0,1,SYNTHETIC_DEVELOPMENT_SAMPLE
HYDRATION,15,4,30,0.87,NONE,LIGHTLY_ACTIVE,7.9,1.0,0,1,SYNTHETIC_DEVELOPMENT_SAMPLE
EXERCISE,11,3,10,0.43,NONE,SEDENTARY,7.0,1.0,0,0,SYNTHETIC_DEVELOPMENT_SAMPLE
MEDITATION,18,1,20,0.47,RESCHEDULED,VERY_ACTIVE,8.4,1.0,1,0,SYNTHETIC_DEVELOPMENT_SAMPLE
HYDRATION,14,2,30,0.5,COMPLETED,SEDENTARY,8.6,1.0,0,0,SYNTHETIC_DEVELOPMENT_SAMPLE
EXERCISE,15,3,15,0.51,NONE,LIGHTLY_ACTIVE,8.8,1.0,0,0,SYNTHETIC_DEVELOPMENT_SAMPLE
SLEEP_ROUTINE,17,5,30,0.85,RESCHEDULED,SEDENTARY,7.9,0.7,1,1,SYNTHETIC_DEVELOPMENT_SAMPLE
MEAL,18,5,15,0.81,MISSED,VERY_ACTIVE,7.2,0.7,1,0,SYNTHETIC_DEVELOPMENT_SAMPLE
EXERCISE,15,2,60,0.44,MISSED,SEDENTARY,5.3,1.0,0,0,SYNTHETIC_DEVELOPMENT_SAMPLE
SLEEP_ROUTINE,20,0,20,0.84,SKIPPED,MODERATELY_ACTIVE,5.2,0.7,1,0,SYNTHETIC_DEVELOPMENT_SAMPLE
EXERCISE,21,6,15,0.7,RESCHEDULED,VERY_ACTIVE,6.9,1.0,1,1,SYNTHETIC_DEVELOPMENT_SAMPLE
BREAK,18,0,20,0.35,RESCHEDULED,SEDENTARY,7.8,0.7,1,1,SYNTHETIC_DEVELOPMENT_SAMPLE
EXERCISE,16,4,15,0.36,RESCHEDULED,VERY_ACTIVE,10.0,1.0,1,0,SYNTHETIC_DEVELOPMENT_SAMPLE
SLEEP_ROUTINE,21,0,20,0.45,RESCHEDULED,VERY_ACTIVE,7.7,0.7,1,1,SYNTHETIC_DEVELOPMENT_SAMPLE
MEAL,22,4,15,0.3,MISSED,SEDENTARY,4.0,0.7,1,0,SYNTHETIC_DEVELOPMENT_SAMPLE
HYDRATION,20,2,30,0.37,MISSED,MODERATELY_ACTIVE,6.9,1.0,1,1,SYNTHETIC_DEVELOPMENT_SAMPLE
MEAL,17,2,20,0.36,SKIPPED,MODERATELY_ACTIVE,8.1,0.7,1,1,SYNTHETIC_DEVELOPMENT_SAMPLE
SLEEP_ROUTINE,14,0,15,0.34,COMPLETED,LIGHTLY_ACTIVE,7.5,0.7,0,0,SYNTHETIC_DEVELOPMENT_SAMPLE
MEDITATION,15,4,30,0.49,SKIPPED,SEDENTARY,8.1,1.0,0,0,SYNTHETIC_DEVELOPMENT_SAMPLE
SLEEP_ROUTINE,16,5,60,0.86,SKIPPED,VERY_ACTIVE,7.3,0.7,1,0,SYNTHETIC_DEVELOPMENT_SAMPLE
EXERCISE,21,0,30,0.35,COMPLETED,VERY_ACTIVE,6.5,1.0,1,1,SYNTHETIC_DEVELOPMENT_SAMPLE
EXERCISE,7,3,20,0.94,NONE,SEDENTARY,7.3,1.0,1,1,SYNTHETIC_DEVELOPMENT_SAMPLE
EXERCISE,8,1,20,0.36,SKIPPED,LIGHTLY_ACTIVE,7.0,1.0,1,0,SYNTHETIC_DEVELOPMENT_SAMPLE
MEAL,18,6,60,0.83,COMPLETED,LIGHTLY_ACTIVE,7.5,0.7,1,0,SYNTHETIC_DEVELOPMENT_SAMPLE
MEAL,19,4,20,0.76,MISSED,MODERATELY_ACTIVE,6.0,0.7,1,1,SYNTHETIC_DEVELOPMENT_SAMPLE
MEAL,12,6,20,0.65,NONE,MODERATELY_ACTIVE,8.8,0.7,1,1,SYNTHETIC_DEVELOPMENT_SAMPLE
HYDRATION,22,1,30,0.76,MISSED,MODERATELY_ACTIVE,7.1,1.0,1,0,SYNTHETIC_DEVELOPMENT_SAMPLE
EXERCISE,9,3,10,0.87,MISSED,LIGHTLY_ACTIVE,8.0,1.0,0,0,SYNTHETIC_DEVELOPMENT_SAMPLE
MEAL,20,0,15,0.77,MISSED,SEDENTARY,6.2,0.7,1,1,SYNTHETIC_DEVELOPMENT_SAMPLE
EXERCISE,13,1,20,0.64,SKIPPED,LIGHTLY_ACTIVE,8.2,1.0,0,0,SYNTHETIC_DEVELOPMENT_SAMPLE
SLEEP_ROUTINE,6,6,60,0.55,RESCHEDULED,VERY_ACTIVE,8.2,0.7,1,1,SYNTHETIC_DEVELOPMENT_SAMPLE
MEAL,10,0,20,0.47,NONE,VERY_ACTIVE,6.5,0.7,0,0,SYNTHETIC_DEVELOPMENT_SAMPLE
EXERCISE,21,4,60,0.61,COMPLETED,SEDENTARY,9.5,1.0,1,0,SYNTHETIC_DEVELOPMENT_SAMPLE
BREAK,19,1,20,0.77,MISSED,SEDENTARY,5.5,0.7,1,0,SYNTHETIC_DEVELOPMENT_SAMPLE
EXERCISE,11,5,15,0.92,RESCHEDULED,MODERATELY_ACTIVE,7.2,1.0,1,1,SYNTHETIC_DEVELOPMENT_SAMPLE
SLEEP_ROUTINE,21,6,10,0.9,NONE,SEDENTARY,6.5,0.7,1,1,SYNTHETIC_DEVELOPMENT_SAMPLE
MEAL,18,1,30,0.57,MISSED,MODERATELY_ACTIVE,6.1,0.7,1,1,SYNTHETIC_DEVELOPMENT_SAMPLE
SLEEP_ROUTINE,21,0,30,0.58,COMPLETED,VERY_ACTIVE,7.0,0.7,1,0,SYNTHETIC_DEVELOPMENT_SAMPLE
EXERCISE,17,4,20,0.32,MISSED,LIGHTLY_ACTIVE,5.0,1.0,1,0,SYNTHETIC_DEVELOPMENT_SAMPLE
HYDRATION,19,4,15,0.48,RESCHEDULED,MODERATELY_ACTIVE,5.7,1.0,1,1,SYNTHETIC_DEVELOPMENT_SAMPLE
HYDRATION,13,1,60,0.72,COMPLETED,VERY_ACTIVE,5.7,1.0,0,1,SYNTHETIC_DEVELOPMENT_SAMPLE
MEAL,14,5,30,0.83,NONE,MODERATELY_ACTIVE,7.1,0.7,1,1,SYNTHETIC_DEVELOPMENT_SAMPLE
MEAL,18,0,45,0.36,RESCHEDULED,MODERATELY_ACTIVE,7.9,0.7,1,0,SYNTHETIC_DEVELOPMENT_SAMPLE
HYDRATION,19,5,60,0.4,NONE,MODERATELY_ACTIVE,7.5,1.0,1,1,SYNTHETIC_DEVELOPMENT_SAMPLE
BREAK,12,5,20,0.94,RESCHEDULED,MODERATELY_ACTIVE,5.7,0.7,1,0,SYNTHETIC_DEVELOPMENT_SAMPLE
MEDITATION,13,0,10,0.33,NONE,SEDENTARY,7.7,1.0,0,0,SYNTHETIC_DEVELOPMENT_SAMPLE
HYDRATION,11,3,30,0.63,SKIPPED,LIGHTLY_ACTIVE,7.0,1.0,0,1,SYNTHETIC_DEVELOPMENT_SAMPLE
SLEEP_ROUTINE,6,2,45,0.44,COMPLETED,SEDENTARY,7.2,0.7,1,1,SYNTHETIC_DEVELOPMENT_SAMPLE
MEAL,18,0,30,0.83,NONE,VERY_ACTIVE,7.9,0.7,1,1,SYNTHETIC_DEVELOPMENT_SAMPLE
MEAL,6,1,30,0.83,RESCHEDULED,VERY_ACTIVE,7.0,0.7,1,0,SYNTHETIC_DEVELOPMENT_SAMPLE
EXERCISE,18,3,20,0.81,RESCHEDULED,SEDENTARY,7.3,1.0,1,1,SYNTHETIC_DEVELOPMENT_SAMPLE
EXERCISE,14,1,45,0.38,RESCHEDULED,LIGHTLY_ACTIVE,6.0,1.0,0,0,SYNTHETIC_DEVELOPMENT_SAMPLE
SLEEP_ROUTINE,20,0,10,0.42,COMPLETED,MODERATELY_ACTIVE,7.0,0.7,1,0,SYNTHETIC_DEVELOPMENT_SAMPLE
MEAL,12,4,30,0.52,COMPLETED,MODERATELY_ACTIVE,9.8,0.7,0,0,SYNTHETIC_DEVELOPMENT_SAMPLE
HYDRATION,11,2,20,0.64,COMPLETED,VERY_ACTIVE,8.8,1.0,0,0,SYNTHETIC_DEVELOPMENT_SAMPLE
HYDRATION,16,2,30,0.41,COMPLETED,VERY_ACTIVE,8.1,1.0,1,1,SYNTHETIC_DEVELOPMENT_SAMPLE
EXERCISE,8,0,30,0.51,COMPLETED,VERY_ACTIVE,7.6,1.0,1,1,SYNTHETIC_DEVELOPMENT_SAMPLE
MEAL,7,0,30,0.31,MISSED,VERY_ACTIVE,6.4,0.7,1,0,SYNTHETIC_DEVELOPMENT_SAMPLE
EXERCISE,7,6,10,0.85,SKIPPED,LIGHTLY_ACTIVE,8.6,1.0,1,1,SYNTHETIC_DEVELOPMENT_SAMPLE
SLEEP_ROUTINE,15,0,20,0.45,SKIPPED,VERY_ACTIVE,7.5,0.7,0,0,SYNTHETIC_DEVELOPMENT_SAMPLE
MEDITATION,19,1,45,0.62,MISSED,VERY_ACTIVE,6.0,1.0,1,1,SYNTHETIC_DEVELOPMENT_SAMPLE
HYDRATION,8,2,60,0.82,RESCHEDULED,LIGHTLY_ACTIVE,6.2,1.0,1,1,SYNTHETIC_DEVELOPMENT_SAMPLE
MEDITATION,20,4,20,0.35,SKIPPED,VERY_ACTIVE,6.6,1.0,1,1,SYNTHETIC_DEVELOPMENT_SAMPLE
MEAL,11,6,30,0.65,RESCHEDULED,VERY_ACTIVE,7.6,0.7,1,1,SYNTHETIC_DEVELOPMENT_SAMPLE
EXERCISE,15,2,60,0.41,RESCHEDULED,VERY_ACTIVE,6.6,1.0,0,0,SYNTHETIC_DEVELOPMENT_SAMPLE
HYDRATION,16,6,15,0.78,MISSED,VERY_ACTIVE,6.9,1.0,1,1,SYNTHETIC_DEVELOPMENT_SAMPLE
EXERCISE,18,4,15,0.62,COMPLETED,SEDENTARY,7.5,1.0,1,0,SYNTHETIC_DEVELOPMENT_SAMPLE
EXERCISE,6,2,15,0.54,SKIPPED,LIGHTLY_ACTIVE,10.0,1.0,1,1,SYNTHETIC_DEVELOPMENT_SAMPLE
EXERCISE,7,6,20,0.44,RESCHEDULED,LIGHTLY_ACTIVE,8.6,1.0,1,1,SYNTHETIC_DEVELOPMENT_SAMPLE
SLEEP_ROUTINE,19,5,15,0.39,SKIPPED,VERY_ACTIVE,8.4,0.7,1,0,SYNTHETIC_DEVELOPMENT_SAMPLE
BREAK,16,5,15,0.46,RESCHEDULED,VERY_ACTIVE,8.8,0.7,1,1,SYNTHETIC_DEVELOPMENT_SAMPLE
EXERCISE,12,6,45,0.64,SKIPPED,MODERATELY_ACTIVE,4.8,1.0,1,0,SYNTHETIC_DEVELOPMENT_SAMPLE
HYDRATION,18,4,20,0.53,NONE,SEDENTARY,7.0,1.0,1,0,SYNTHETIC_DEVELOPMENT_SAMPLE
EXERCISE,12,6,20,0.4,SKIPPED,MODERATELY_ACTIVE,6.1,1.0,1,0,SYNTHETIC_DEVELOPMENT_SAMPLE
EXERCISE,19,4,10,0.94,SKIPPED,VERY_ACTIVE,7.9,1.0,1,1,SYNTHETIC_DEVELOPMENT_SAMPLE
MEAL,10,2,20,0.55,SKIPPED,VERY_ACTIVE,6.7,0.7,0,0,SYNTHETIC_DEVELOPMENT_SAMPLE
MEDITATION,12,5,15,0.77,COMPLETED,VERY_ACTIVE,6.0,1.0,1,1,SYNTHETIC_DEVELOPMENT_SAMPLE
EXERCISE,18,1,10,0.36,COMPLETED,MODERATELY_ACTIVE,6.8,1.0,1,1,SYNTHETIC_DEVELOPMENT_SAMPLE
EXERCISE,9,2,10,0.9,MISSED,MODERATELY_ACTIVE,7.9,1.0,0,0,SYNTHETIC_DEVELOPMENT_SAMPLE
SLEEP_ROUTINE,8,4,60,0.85,SKIPPED,VERY_ACTIVE,8.4,0.7,1,1,SYNTHETIC_DEVELOPMENT_SAMPLE
BREAK,7,4,20,0.68,NONE,LIGHTLY_ACTIVE,5.5,0.7,1,1,SYNTHETIC_DEVELOPMENT_SAMPLE
SLEEP_ROUTINE,17,6,30,0.67,MISSED,SEDENTARY,6.1,0.7,1,0,SYNTHETIC_DEVELOPMENT_SAMPLE
SLEEP_ROUTINE,13,0,10,0.5,MISSED,LIGHTLY_ACTIVE,8.0,0.7,0,0,SYNTHETIC_DEVELOPMENT_SAMPLE
MEDITATION,8,3,30,0.76,SKIPPED,LIGHTLY_ACTIVE,7.3,1.0,1,1,SYNTHETIC_DEVELOPMENT_SAMPLE
MEAL,10,2,10,0.54,RESCHEDULED,MODERATELY_ACTIVE,7.0,0.7,0,0,SYNTHETIC_DEVELOPMENT_SAMPLE
MEAL,21,4,15,0.91,NONE,SEDENTARY,9.4,0.7,1,1,SYNTHETIC_DEVELOPMENT_SAMPLE
MEAL,18,0,10,0.58,SKIPPED,SEDENTARY,8.4,0.7,1,0,SYNTHETIC_DEVELOPMENT_SAMPLE
MEAL,17,1,10,0.32,MISSED,LIGHTLY_ACTIVE,8.1,0.7,1,1,SYNTHETIC_DEVELOPMENT_SAMPLE
HYDRATION,13,0,15,0.6,RESCHEDULED,VERY_ACTIVE,10.0,1.0,0,1,SYNTHETIC_DEVELOPMENT_SAMPLE
HYDRATION,11,2,30,0.84,NONE,MODERATELY_ACTIVE,5.9,1.0,0,0,SYNTHETIC_DEVELOPMENT_SAMPLE
EXERCISE,12,2,20,0.9,SKIPPED,VERY_ACTIVE,8.3,1.0,0,0,SYNTHETIC_DEVELOPMENT_SAMPLE
BREAK,18,6,15,0.85,RESCHEDULED,SEDENTARY,9.8,0.7,1,1,SYNTHETIC_DEVELOPMENT_SAMPLE
SLEEP_ROUTINE,20,6,20,0.34,SKIPPED,VERY_ACTIVE,8.0,0.7,1,0,SYNTHETIC_DEVELOPMENT_SAMPLE
EXERCISE,21,5,15,0.33,NONE,SEDENTARY,7.5,1.0,1,1,SYNTHETIC_DEVELOPMENT_SAMPLE
EXERCISE,8,6,20,0.71,MISSED,LIGHTLY_ACTIVE,8.3,1.0,1,0,SYNTHETIC_DEVELOPMENT_SAMPLE
MEDITATION,13,0,30,0.71,COMPLETED,LIGHTLY_ACTIVE,9.6,1.0,0,0,SYNTHETIC_DEVELOPMENT_SAMPLE
MEAL,15,4,30,0.87,NONE,LIGHTLY_ACTIVE,5.0,0.7,0,0,SYNTHETIC_DEVELOPMENT_SAMPLE
EXERCISE,13,5,20,0.49,RESCHEDULED,LIGHTLY_ACTIVE,6.5,1.0,1,0,SYNTHETIC_DEVELOPMENT_SAMPLE
EXERCISE,12,1,45,0.8,SKIPPED,MODERATELY_ACTIVE,6.5,1.0,0,0,SYNTHETIC_DEVELOPMENT_SAMPLE
BREAK,16,3,10,0.47,COMPLETED,LIGHTLY_ACTIVE,6.3,0.7,1,0,SYNTHETIC_DEVELOPMENT_SAMPLE
MEAL,16,1,45,0.63,RESCHEDULED,LIGHTLY_ACTIVE,9.0,0.7,1,0,SYNTHETIC_DEVELOPMENT_SAMPLE
MEAL,14,1,10,0.64,MISSED,VERY_ACTIVE,7.3,0.7,0,0,SYNTHETIC_DEVELOPMENT_SAMPLE
BREAK,13,0,10,0.66,SKIPPED,LIGHTLY_ACTIVE,6.7,0.7,0,0,SYNTHETIC_DEVELOPMENT_SAMPLE
MEAL,19,6,10,0.77,MISSED,LIGHTLY_ACTIVE,8.0,0.7,1,0,SYNTHETIC_DEVELOPMENT_SAMPLE
MEAL,18,3,20,0.47,COMPLETED,VERY_ACTIVE,7.6,0.7,1,0,SYNTHETIC_DEVELOPMENT_SAMPLE
EXERCISE,16,5,30,0.66,SKIPPED,VERY_ACTIVE,6.0,1.0,1,1,SYNTHETIC_DEVELOPMENT_SAMPLE
EXERCISE,8,1,20,0.56,SKIPPED,VERY_ACTIVE,7.3,1.0,1,1,SYNTHETIC_DEVELOPMENT_SAMPLE
MEAL,22,0,20,0.49,COMPLETED,SEDENTARY,6.9,0.7,1,1,SYNTHETIC_DEVELOPMENT_SAMPLE
HYDRATION,12,0,60,0.85,COMPLETED,VERY_ACTIVE,7.1,1.0,0,0,SYNTHETIC_DEVELOPMENT_SAMPLE
MEDITATION,18,6,15,0.9,COMPLETED,VERY_ACTIVE,7.6,1.0,1,0,SYNTHETIC_DEVELOPMENT_SAMPLE
EXERCISE,16,1,15,0.44,SKIPPED,SEDENTARY,8.4,1.0,1,1,SYNTHETIC_DEVELOPMENT_SAMPLE
EXERCISE,22,4,10,0.84,NONE,SEDENTARY,8.3,1.0,1,0,SYNTHETIC_DEVELOPMENT_SAMPLE
EXERCISE,12,0,15,0.74,NONE,MODERATELY_ACTIVE,7.3,1.0,0,0,SYNTHETIC_DEVELOPMENT_SAMPLE
MEAL,11,0,20,0.52,COMPLETED,SEDENTARY,8.5,0.7,0,0,SYNTHETIC_DEVELOPMENT_SAMPLE
HYDRATION,16,0,15,0.61,COMPLETED,VERY_ACTIVE,8.7,1.0,1,1,SYNTHETIC_DEVELOPMENT_SAMPLE
EXERCISE,22,6,10,0.48,SKIPPED,SEDENTARY,9.2,1.0,1,1,SYNTHETIC_DEVELOPMENT_SAMPLE
HYDRATION,9,3,30,0.38,NONE,MODERATELY_ACTIVE,9.0,1.0,0,0,SYNTHETIC_DEVELOPMENT_SAMPLE
MEAL,6,5,15,0.71,RESCHEDULED,SEDENTARY,8.4,0.7,1,0,SYNTHETIC_DEVELOPMENT_SAMPLE
BREAK,20,5,10,0.73,COMPLETED,MODERATELY_ACTIVE,4.9,0.7,1,0,SYNTHETIC_DEVELOPMENT_SAMPLE
MEDITATION,18,2,20,0.42,MISSED,MODERATELY_ACTIVE,6.8,1.0,1,0,SYNTHETIC_DEVELOPMENT_SAMPLE
BREAK,17,3,30,0.89,COMPLETED,SEDENTARY,10.0,0.7,1,1,SYNTHETIC_DEVELOPMENT_SAMPLE
MEDITATION,16,0,20,0.38,MISSED,VERY_ACTIVE,8.1,1.0,1,1,SYNTHETIC_DEVELOPMENT_SAMPLE
SLEEP_ROUTINE,18,4,10,0.37,COMPLETED,VERY_ACTIVE,7.3,0.7,1,0,SYNTHETIC_DEVELOPMENT_SAMPLE
MEAL,13,2,15,0.64,MISSED,LIGHTLY_ACTIVE,6.8,0.7,0,1,SYNTHETIC_DEVELOPMENT_SAMPLE
HYDRATION,12,2,30,0.66,NONE,LIGHTLY_ACTIVE,7.0,1.0,0,0,SYNTHETIC_DEVELOPMENT_SAMPLE
EXERCISE,14,6,20,0.36,RESCHEDULED,LIGHTLY_ACTIVE,8.1,1.0,1,0,SYNTHETIC_DEVELOPMENT_SAMPLE
SLEEP_ROUTINE,16,6,15,0.77,COMPLETED,LIGHTLY_ACTIVE,8.0,0.7,1,1,SYNTHETIC_DEVELOPMENT_SAMPLE
EXERCISE,14,1,15,0.57,SKIPPED,MODERATELY_ACTIVE,6.2,1.0,0,0,SYNTHETIC_DEVELOPMENT_SAMPLE
MEAL,6,2,15,0.79,NONE,VERY_ACTIVE,6.7,0.7,1,1,SYNTHETIC_DEVELOPMENT_SAMPLE
BREAK,6,5,15,0.72,RESCHEDULED,SEDENTARY,9.5,0.7,1,1,SYNTHETIC_DEVELOPMENT_SAMPLE
SLEEP_ROUTINE,7,5,30,0.45,MISSED,MODERATELY_ACTIVE,8.7,0.7,1,1,SYNTHETIC_DEVELOPMENT_SAMPLE
HYDRATION,12,1,20,0.65,RESCHEDULED,LIGHTLY_ACTIVE,6.4,1.0,0,0,SYNTHETIC_DEVELOPMENT_SAMPLE
SLEEP_ROUTINE,15,1,30,0.53,SKIPPED,LIGHTLY_ACTIVE,8.0,0.7,0,0,SYNTHETIC_DEVELOPMENT_SAMPLE
MEAL,12,6,20,0.5,SKIPPED,LIGHTLY_ACTIVE,9.6,0.7,1,0,SYNTHETIC_DEVELOPMENT_SAMPLE
EXERCISE,14,5,15,0.38,COMPLETED,LIGHTLY_ACTIVE,7.9,1.0,1,1,SYNTHETIC_DEVELOPMENT_SAMPLE
MEAL,12,4,20,0.88,MISSED,LIGHTLY_ACTIVE,9.5,0.7,0,1,SYNTHETIC_DEVELOPMENT_SAMPLE
MEDITATION,6,1,30,0.6,SKIPPED,MODERATELY_ACTIVE,5.5,1.0,1,0,SYNTHETIC_DEVELOPMENT_SAMPLE
MEDITATION,9,4,20,0.91,SKIPPED,SEDENTARY,8.5,1.0,0,0,SYNTHETIC_DEVELOPMENT_SAMPLE
BREAK,14,3,30,0.95,NONE,SEDENTARY,7.5,0.7,0,1,SYNTHETIC_DEVELOPMENT_SAMPLE
MEAL,12,6,60,0.41,SKIPPED,MODERATELY_ACTIVE,6.3,0.7,1,0,SYNTHETIC_DEVELOPMENT_SAMPLE
MEAL,10,6,60,0.65,SKIPPED,LIGHTLY_ACTIVE,7.1,0.7,1,0,SYNTHETIC_DEVELOPMENT_SAMPLE
MEAL,13,1,15,0.63,RESCHEDULED,LIGHTLY_ACTIVE,7.4,0.7,0,0,SYNTHETIC_DEVELOPMENT_SAMPLE
EXERCISE,10,4,15,0.68,SKIPPED,SEDENTARY,6.5,1.0,0,0,SYNTHETIC_DEVELOPMENT_SAMPLE
MEAL,9,3,30,0.87,COMPLETED,LIGHTLY_ACTIVE,7.7,0.7,0,1,SYNTHETIC_DEVELOPMENT_SAMPLE
SLEEP_ROUTINE,6,4,15,0.6,COMPLETED,VERY_ACTIVE,7.6,0.7,1,0,SYNTHETIC_DEVELOPMENT_SAMPLE
MEDITATION,16,0,20,0.34,MISSED,VERY_ACTIVE,7.0,1.0,1,0,SYNTHETIC_DEVELOPMENT_SAMPLE
HYDRATION,20,0,20,0.52,MISSED,LIGHTLY_ACTIVE,5.4,1.0,1,0,SYNTHETIC_DEVELOPMENT_SAMPLE
EXERCISE,22,2,30,0.61,NONE,SEDENTARY,7.7,1.0,1,1,SYNTHETIC_DEVELOPMENT_SAMPLE
MEAL,16,1,60,0.44,SKIPPED,LIGHTLY_ACTIVE,8.1,0.7,1,1,SYNTHETIC_DEVELOPMENT_SAMPLE
EXERCISE,17,0,20,0.91,NONE,MODERATELY_ACTIVE,8.2,1.0,1,1,SYNTHETIC_DEVELOPMENT_SAMPLE
EXERCISE,20,5,20,0.4,RESCHEDULED,VERY_ACTIVE,7.2,1.0,1,0,SYNTHETIC_DEVELOPMENT_SAMPLE
EXERCISE,15,1,10,0.89,MISSED,MODERATELY_ACTIVE,5.6,1.0,0,0,SYNTHETIC_DEVELOPMENT_SAMPLE
EXERCISE,20,6,45,0.81,COMPLETED,LIGHTLY_ACTIVE,4.6,1.0,1,0,SYNTHETIC_DEVELOPMENT_SAMPLE
MEAL,13,2,20,0.35,COMPLETED,MODERATELY_ACTIVE,6.5,0.7,0,1,SYNTHETIC_DEVELOPMENT_SAMPLE
HYDRATION,7,1,20,0.92,MISSED,SEDENTARY,8.0,1.0,1,1,SYNTHETIC_DEVELOPMENT_SAMPLE
MEAL,7,2,20,0.43,SKIPPED,VERY_ACTIVE,7.3,0.7,1,0,SYNTHETIC_DEVELOPMENT_SAMPLE
EXERCISE,19,5,10,0.85,MISSED,LIGHTLY_ACTIVE,6.2,1.0,1,1,SYNTHETIC_DEVELOPMENT_SAMPLE
MEAL,20,5,20,0.88,SKIPPED,VERY_ACTIVE,5.5,0.7,1,1,SYNTHETIC_DEVELOPMENT_SAMPLE
EXERCISE,8,2,30,0.53,RESCHEDULED,SEDENTARY,6.7,1.0,1,0,SYNTHETIC_DEVELOPMENT_SAMPLE
MEDITATION,17,4,10,0.9,NONE,MODERATELY_ACTIVE,8.8,1.0,1,0,SYNTHETIC_DEVELOPMENT_SAMPLE
MEAL,11,6,30,0.86,MISSED,SEDENTARY,6.4,0.7,1,0,SYNTHETIC_DEVELOPMENT_SAMPLE
SLEEP_ROUTINE,16,4,30,0.55,COMPLETED,SEDENTARY,8.0,0.7,1,0,SYNTHETIC_DEVELOPMENT_SAMPLE
MEAL,22,4,10,0.67,SKIPPED,LIGHTLY_ACTIVE,7.7,0.7,1,0,SYNTHETIC_DEVELOPMENT_SAMPLE
MEDITATION,14,0,20,0.3,COMPLETED,SEDENTARY,6.4,1.0,0,0,SYNTHETIC_DEVELOPMENT_SAMPLE
EXERCISE,17,3,20,0.65,NONE,SEDENTARY,8.1,1.0,1,1,SYNTHETIC_DEVELOPMENT_SAMPLE
BREAK,6,5,60,0.72,RESCHEDULED,LIGHTLY_ACTIVE,7.9,0.7,1,0,SYNTHETIC_DEVELOPMENT_SAMPLE
MEAL,20,3,10,0.68,COMPLETED,LIGHTLY_ACTIVE,7.5,0.7,1,1,SYNTHETIC_DEVELOPMENT_SAMPLE
EXERCISE,7,5,20,0.91,COMPLETED,LIGHTLY_ACTIVE,8.5,1.0,1,1,SYNTHETIC_DEVELOPMENT_SAMPLE
SLEEP_ROUTINE,21,4,45,0.46,MISSED,LIGHTLY_ACTIVE,7.1,0.7,1,1,SYNTHETIC_DEVELOPMENT_SAMPLE
SLEEP_ROUTINE,20,0,20,0.76,COMPLETED,MODERATELY_ACTIVE,5.9,0.7,1,1,SYNTHETIC_DEVELOPMENT_SAMPLE
HYDRATION,20,2,30,0.37,RESCHEDULED,SEDENTARY,9.1,1.0,1,1,SYNTHETIC_DEVELOPMENT_SAMPLE
SLEEP_ROUTINE,12,1,15,0.63,NONE,VERY_ACTIVE,7.0,0.7,0,0,SYNTHETIC_DEVELOPMENT_SAMPLE
HYDRATION,11,3,30,0.92,COMPLETED,SEDENTARY,7.1,1.0,0,0,SYNTHETIC_DEVELOPMENT_SAMPLE
MEAL,16,3,60,0.55,RESCHEDULED,MODERATELY_ACTIVE,5.7,0.7,1,0,SYNTHETIC_DEVELOPMENT_SAMPLE
MEAL,17,2,30,0.47,RESCHEDULED,VERY_ACTIVE,8.3,0.7,1,0,SYNTHETIC_DEVELOPMENT_SAMPLE
HYDRATION,17,4,20,0.72,SKIPPED,LIGHTLY_ACTIVE,7.5,1.0,1,1,SYNTHETIC_DEVELOPMENT_SAMPLE
HYDRATION,22,0,20,0.84,COMPLETED,MODERATELY_ACTIVE,6.6,1.0,1,1,SYNTHETIC_DEVELOPMENT_SAMPLE
MEDITATION,21,0,20,0.66,SKIPPED,LIGHTLY_ACTIVE,6.8,1.0,1,1,SYNTHETIC_DEVELOPMENT_SAMPLE
MEAL,20,6,15,0.55,SKIPPED,MODERATELY_ACTIVE,7.2,0.7,1,0,SYNTHETIC_DEVELOPMENT_SAMPLE
MEAL,13,3,10,0.93,NONE,LIGHTLY_ACTIVE,7.0,0.7,0,1,SYNTHETIC_DEVELOPMENT_SAMPLE
MEAL,18,3,15,0.32,NONE,VERY_ACTIVE,7.2,0.7,1,0,SYNTHETIC_DEVELOPMENT_SAMPLE
MEDITATION,15,0,60,0.61,RESCHEDULED,SEDENTARY,6.8,1.0,0,0,SYNTHETIC_DEVELOPMENT_SAMPLE
SLEEP_ROUTINE,20,5,15,0.93,RESCHEDULED,SEDENTARY,6.1,0.7,1,0,SYNTHETIC_DEVELOPMENT_SAMPLE
BREAK,20,6,20,0.73,SKIPPED,VERY_ACTIVE,6.9,0.7,1,0,SYNTHETIC_DEVELOPMENT_SAMPLE
EXERCISE,10,3,30,0.34,SKIPPED,SEDENTARY,7.0,1.0,0,0,SYNTHETIC_DEVELOPMENT_SAMPLE
BREAK,13,3,30,0.68,SKIPPED,LIGHTLY_ACTIVE,5.6,0.7,0,0,SYNTHETIC_DEVELOPMENT_SAMPLE
BREAK,13,5,20,0.8,SKIPPED,MODERATELY_ACTIVE,7.1,0.7,1,0,SYNTHETIC_DEVELOPMENT_SAMPLE
MEAL,12,0,10,0.91,COMPLETED,SEDENTARY,6.3,0.7,0,0,SYNTHETIC_DEVELOPMENT_SAMPLE
HYDRATION,11,5,20,0.7,RESCHEDULED,MODERATELY_ACTIVE,8.2,1.0,1,1,SYNTHETIC_DEVELOPMENT_SAMPLE
BREAK,7,6,30,0.64,RESCHEDULED,SEDENTARY,9.1,0.7,1,1,SYNTHETIC_DEVELOPMENT_SAMPLE
MEAL,14,2,20,0.39,RESCHEDULED,LIGHTLY_ACTIVE,7.9,0.7,0,1,SYNTHETIC_DEVELOPMENT_SAMPLE
MEAL,17,2,20,0.79,MISSED,VERY_ACTIVE,7.5,0.7,1,0,SYNTHETIC_DEVELOPMENT_SAMPLE
EXERCISE,15,4,15,0.57,NONE,MODERATELY_ACTIVE,7.2,1.0,0,0,SYNTHETIC_DEVELOPMENT_SAMPLE
EXERCISE,8,6,15,0.39,SKIPPED,VERY_ACTIVE,6.4,1.0,1,0,SYNTHETIC_DEVELOPMENT_SAMPLE
EXERCISE,12,2,20,0.39,MISSED,MODERATELY_ACTIVE,10.0,1.0,0,0,SYNTHETIC_DEVELOPMENT_SAMPLE
BREAK,20,1,45,0.35,COMPLETED,SEDENTARY,7.1,0.7,1,0,SYNTHETIC_DEVELOPMENT_SAMPLE
HYDRATION,12,1,15,0.47,COMPLETED,VERY_ACTIVE,4.9,1.0,0,0,SYNTHETIC_DEVELOPMENT_SAMPLE
EXERCISE,22,3,10,0.66,NONE,MODERATELY_ACTIVE,7.8,1.0,1,1,SYNTHETIC_DEVELOPMENT_SAMPLE
SLEEP_ROUTINE,15,3,20,0.52,MISSED,VERY_ACTIVE,7.3,0.7,0,0,SYNTHETIC_DEVELOPMENT_SAMPLE
HYDRATION,15,0,45,0.54,COMPLETED,MODERATELY_ACTIVE,6.2,1.0,0,0,SYNTHETIC_DEVELOPMENT_SAMPLE
BREAK,19,6,20,0.75,NONE,LIGHTLY_ACTIVE,7.8,0.7,1,1,SYNTHETIC_DEVELOPMENT_SAMPLE
MEAL,20,1,15,0.51,COMPLETED,SEDENTARY,5.6,0.7,1,1,SYNTHETIC_DEVELOPMENT_SAMPLE
BREAK,21,4,20,0.47,COMPLETED,LIGHTLY_ACTIVE,9.2,0.7,1,1,SYNTHETIC_DEVELOPMENT_SAMPLE
MEDITATION,10,6,10,0.59,SKIPPED,SEDENTARY,7.5,1.0,1,1,SYNTHETIC_DEVELOPMENT_SAMPLE
HYDRATION,6,6,30,0.33,NONE,MODERATELY_ACTIVE,6.5,1.0,1,0,SYNTHETIC_DEVELOPMENT_SAMPLE
MEAL,14,5,45,0.9,COMPLETED,MODERATELY_ACTIVE,4.8,0.7,1,0,SYNTHETIC_DEVELOPMENT_SAMPLE
MEAL,6,0,20,0.68,MISSED,SEDENTARY,8.0,0.7,1,0,SYNTHETIC_DEVELOPMENT_SAMPLE
MEDITATION,7,0,10,0.58,RESCHEDULED,SEDENTARY,8.4,1.0,1,1,SYNTHETIC_DEVELOPMENT_SAMPLE
BREAK,20,0,15,0.54,NONE,VERY_ACTIVE,6.4,0.7,1,1,SYNTHETIC_DEVELOPMENT_SAMPLE
HYDRATION,6,0,15,0.65,COMPLETED,VERY_ACTIVE,6.7,1.0,1,1,SYNTHETIC_DEVELOPMENT_SAMPLE
EXERCISE,17,5,20,0.66,MISSED,SEDENTARY,7.4,1.0,1,1,SYNTHETIC_DEVELOPMENT_SAMPLE
EXERCISE,15,6,45,0.43,COMPLETED,MODERATELY_ACTIVE,7.2,1.0,1,0,SYNTHETIC_DEVELOPMENT_SAMPLE
MEDITATION,22,4,10,0.38,NONE,MODERATELY_ACTIVE,5.8,1.0,1,0,SYNTHETIC_DEVELOPMENT_SAMPLE
MEAL,19,0,10,0.41,NONE,LIGHTLY_ACTIVE,7.5,0.7,1,1,SYNTHETIC_DEVELOPMENT_SAMPLE
HYDRATION,6,3,20,0.85,COMPLETED,VERY_ACTIVE,6.6,1.0,1,1,SYNTHETIC_DEVELOPMENT_SAMPLE
MEAL,18,2,15,0.89,SKIPPED,LIGHTLY_ACTIVE,6.3,0.7,1,0,SYNTHETIC_DEVELOPMENT_SAMPLE
EXERCISE,12,2,20,0.46,COMPLETED,MODERATELY_ACTIVE,7.5,1.0,0,0,SYNTHETIC_DEVELOPMENT_SAMPLE
EXERCISE,7,1,20,0.48,MISSED,SEDENTARY,8.8,1.0,1,1,SYNTHETIC_DEVELOPMENT_SAMPLE
EXERCISE,19,6,20,0.78,MISSED,SEDENTARY,6.1,1.0,1,1,SYNTHETIC_DEVELOPMENT_SAMPLE
HYDRATION,22,0,10,0.75,NONE,MODERATELY_ACTIVE,8.0,1.0,1,0,SYNTHETIC_DEVELOPMENT_SAMPLE
EXERCISE,22,6,20,0.59,RESCHEDULED,SEDENTARY,5.9,1.0,1,0,SYNTHETIC_DEVELOPMENT_SAMPLE
MEAL,16,3,15,0.43,SKIPPED,VERY_ACTIVE,7.9,0.7,1,0,SYNTHETIC_DEVELOPMENT_SAMPLE
MEAL,9,6,10,0.5,SKIPPED,VERY_ACTIVE,6.0,0.7,1,1,SYNTHETIC_DEVELOPMENT_SAMPLE
EXERCISE,17,0,45,0.44,NONE,SEDENTARY,6.4,1.0,1,1,SYNTHETIC_DEVELOPMENT_SAMPLE
EXERCISE,19,1,20,0.52,MISSED,MODERATELY_ACTIVE,6.7,1.0,1,1,SYNTHETIC_DEVELOPMENT_SAMPLE
MEDITATION,10,2,15,0.88,SKIPPED,MODERATELY_ACTIVE,7.2,1.0,0,0,SYNTHETIC_DEVELOPMENT_SAMPLE
MEDITATION,8,0,60,0.51,COMPLETED,LIGHTLY_ACTIVE,9.6,1.0,1,1,SYNTHETIC_DEVELOPMENT_SAMPLE
BREAK,19,3,20,0.55,COMPLETED,VERY_ACTIVE,8.6,0.7,1,1,SYNTHETIC_DEVELOPMENT_SAMPLE
SLEEP_ROUTINE,11,6,45,0.63,COMPLETED,SEDENTARY,9.1,0.7,1,0,SYNTHETIC_DEVELOPMENT_SAMPLE
EXERCISE,14,6,10,0.36,RESCHEDULED,LIGHTLY_ACTIVE,6.7,1.0,1,0,SYNTHETIC_DEVELOPMENT_SAMPLE
EXERCISE,7,0,30,0.92,NONE,VERY_ACTIVE,7.5,1.0,1,0,SYNTHETIC_DEVELOPMENT_SAMPLE
SLEEP_ROUTINE,18,4,15,0.48,NONE,MODERATELY_ACTIVE,8.5,0.7,1,0,SYNTHETIC_DEVELOPMENT_SAMPLE
MEAL,9,1,60,0.48,SKIPPED,LIGHTLY_ACTIVE,7.2,0.7,0,0,SYNTHETIC_DEVELOPMENT_SAMPLE
MEAL,6,0,15,0.45,NONE,MODERATELY_ACTIVE,4.7,0.7,1,0,SYNTHETIC_DEVELOPMENT_SAMPLE
HYDRATION,14,2,15,0.77,SKIPPED,MODERATELY_ACTIVE,7.0,1.0,0,0,SYNTHETIC_DEVELOPMENT_SAMPLE
BREAK,8,1,20,0.66,NONE,LIGHTLY_ACTIVE,6.8,0.7,1,1,SYNTHETIC_DEVELOPMENT_SAMPLE
EXERCISE,16,0,30,0.76,RESCHEDULED,VERY_ACTIVE,7.0,1.0,1,1,SYNTHETIC_DEVELOPMENT_SAMPLE
MEDITATION,6,1,30,0.57,COMPLETED,LIGHTLY_ACTIVE,7.1,1.0,1,1,SYNTHETIC_DEVELOPMENT_SAMPLE
BREAK,8,6,45,0.57,RESCHEDULED,VERY_ACTIVE,7.9,0.7,1,1,SYNTHETIC_DEVELOPMENT_SAMPLE
MEAL,18,0,15,0.63,SKIPPED,VERY_ACTIVE,8.2,0.7,1,1,SYNTHETIC_DEVELOPMENT_SAMPLE
HYDRATION,17,2,45,0.34,RESCHEDULED,LIGHTLY_ACTIVE,8.7,1.0,1,1,SYNTHETIC_DEVELOPMENT_SAMPLE
BREAK,19,0,30,0.31,RESCHEDULED,MODERATELY_ACTIVE,7.2,0.7,1,0,SYNTHETIC_DEVELOPMENT_SAMPLE
HYDRATION,14,0,10,0.65,COMPLETED,SEDENTARY,8.1,1.0,0,1,SYNTHETIC_DEVELOPMENT_SAMPLE
HYDRATION,6,0,20,0.91,NONE,MODERATELY_ACTIVE,7.3,1.0,1,1,SYNTHETIC_DEVELOPMENT_SAMPLE
EXERCISE,10,6,30,0.41,NONE,MODERATELY_ACTIVE,7.4,1.0,1,0,SYNTHETIC_DEVELOPMENT_SAMPLE
MEDITATION,12,6,20,0.52,MISSED,SEDENTARY,5.5,1.0,1,0,SYNTHETIC_DEVELOPMENT_SAMPLE
MEDITATION,22,4,60,0.58,NONE,VERY_ACTIVE,6.5,1.0,1,1,SYNTHETIC_DEVELOPMENT_SAMPLE
HYDRATION,17,0,20,0.89,MISSED,VERY_ACTIVE,7.2,1.0,1,1,SYNTHETIC_DEVELOPMENT_SAMPLE
SLEEP_ROUTINE,8,6,45,0.37,NONE,MODERATELY_ACTIVE,6.5,0.7,1,0,SYNTHETIC_DEVELOPMENT_SAMPLE
SLEEP_ROUTINE,18,0,20,0.47,NONE,LIGHTLY_ACTIVE,7.4,0.7,1,1,SYNTHETIC_DEVELOPMENT_SAMPLE
MEDITATION,7,1,10,0.35,NONE,VERY_ACTIVE,9.6,1.0,1,1,SYNTHETIC_DEVELOPMENT_SAMPLE
HYDRATION,9,4,30,0.61,MISSED,LIGHTLY_ACTIVE,7.3,1.0,0,0,SYNTHETIC_DEVELOPMENT_SAMPLE
MEAL,14,5,15,0.72,SKIPPED,LIGHTLY_ACTIVE,6.7,0.7,1,1,SYNTHETIC_DEVELOPMENT_SAMPLE
MEDITATION,18,4,15,0.93,SKIPPED,VERY_ACTIVE,8.1,1.0,1,1,SYNTHETIC_DEVELOPMENT_SAMPLE
MEDITATION,6,6,45,0.41,RESCHEDULED,MODERATELY_ACTIVE,7.2,1.0,1,1,SYNTHETIC_DEVELOPMENT_SAMPLE
HYDRATION,12,1,30,0.5,COMPLETED,SEDENTARY,7.9,1.0,0,0,SYNTHETIC_DEVELOPMENT_SAMPLE
HYDRATION,18,1,45,0.47,NONE,SEDENTARY,5.4,1.0,1,1,SYNTHETIC_DEVELOPMENT_SAMPLE
EXERCISE,19,3,30,0.52,RESCHEDULED,LIGHTLY_ACTIVE,8.7,1.0,1,1,SYNTHETIC_DEVELOPMENT_SAMPLE
MEDITATION,19,5,20,0.34,MISSED,LIGHTLY_ACTIVE,7.4,1.0,1,0,SYNTHETIC_DEVELOPMENT_SAMPLE
MEAL,18,2,20,0.91,NONE,LIGHTLY_ACTIVE,8.0,0.7,1,1,SYNTHETIC_DEVELOPMENT_SAMPLE
MEAL,9,2,10,0.83,NONE,SEDENTARY,7.1,0.7,0,1,SYNTHETIC_DEVELOPMENT_SAMPLE
HYDRATION,13,5,15,0.74,SKIPPED,MODERATELY_ACTIVE,6.8,1.0,1,1,SYNTHETIC_DEVELOPMENT_SAMPLE
EXERCISE,17,4,15,0.73,COMPLETED,VERY_ACTIVE,5.0,1.0,1,1,SYNTHETIC_DEVELOPMENT_SAMPLE
EXERCISE,11,0,20,0.74,COMPLETED,SEDENTARY,8.6,1.0,0,1,SYNTHETIC_DEVELOPMENT_SAMPLE
EXERCISE,18,6,45,0.86,COMPLETED,LIGHTLY_ACTIVE,9.7,1.0,1,1,SYNTHETIC_DEVELOPMENT_SAMPLE
MEDITATION,18,6,15,0.61,COMPLETED,SEDENTARY,5.8,1.0,1,1,SYNTHETIC_DEVELOPMENT_SAMPLE
MEDITATION,12,5,45,0.64,SKIPPED,LIGHTLY_ACTIVE,5.7,1.0,1,1,SYNTHETIC_DEVELOPMENT_SAMPLE
SLEEP_ROUTINE,20,6,20,0.52,NONE,SEDENTARY,6.0,0.7,1,1,SYNTHETIC_DEVELOPMENT_SAMPLE
BREAK,15,2,45,0.43,RESCHEDULED,LIGHTLY_ACTIVE,9.1,0.7,0,0,SYNTHETIC_DEVELOPMENT_SAMPLE
HYDRATION,6,6,10,0.94,NONE,MODERATELY_ACTIVE,8.1,1.0,1,1,SYNTHETIC_DEVELOPMENT_SAMPLE
EXERCISE,12,0,20,0.61,COMPLETED,VERY_ACTIVE,7.7,1.0,0,0,SYNTHETIC_DEVELOPMENT_SAMPLE
MEAL,7,0,30,0.35,SKIPPED,SEDENTARY,9.3,0.7,1,0,SYNTHETIC_DEVELOPMENT_SAMPLE
SLEEP_ROUTINE,17,2,15,0.58,RESCHEDULED,SEDENTARY,7.6,0.7,1,1,SYNTHETIC_DEVELOPMENT_SAMPLE
EXERCISE,9,5,45,0.4,COMPLETED,MODERATELY_ACTIVE,9.1,1.0,1,1,SYNTHETIC_DEVELOPMENT_SAMPLE
SLEEP_ROUTINE,8,1,30,0.39,NONE,VERY_ACTIVE,8.3,0.7,1,1,SYNTHETIC_DEVELOPMENT_SAMPLE
SLEEP_ROUTINE,12,4,10,0.5,COMPLETED,MODERATELY_ACTIVE,6.4,0.7,0,0,SYNTHETIC_DEVELOPMENT_SAMPLE
MEAL,21,6,15,0.39,MISSED,MODERATELY_ACTIVE,8.3,0.7,1,1,SYNTHETIC_DEVELOPMENT_SAMPLE
EXERCISE,17,0,15,0.93,SKIPPED,LIGHTLY_ACTIVE,5.7,1.0,1,1,SYNTHETIC_DEVELOPMENT_SAMPLE
SLEEP_ROUTINE,16,6,45,0.88,SKIPPED,MODERATELY_ACTIVE,5.6,0.7,1,0,SYNTHETIC_DEVELOPMENT_SAMPLE
HYDRATION,9,0,10,0.34,MISSED,LIGHTLY_ACTIVE,8.4,1.0,0,1,SYNTHETIC_DEVELOPMENT_SAMPLE
SLEEP_ROUTINE,21,6,20,0.51,COMPLETED,SEDENTARY,7.4,0.7,1,1,SYNTHETIC_DEVELOPMENT_SAMPLE
EXERCISE,18,5,20,0.88,COMPLETED,VERY_ACTIVE,7.8,1.0,1,1,SYNTHETIC_DEVELOPMENT_SAMPLE
EXERCISE,18,6,10,0.94,COMPLETED,MODERATELY_ACTIVE,6.8,1.0,1,1,SYNTHETIC_DEVELOPMENT_SAMPLE
MEAL,16,5,30,0.58,COMPLETED,SEDENTARY,8.1,0.7,1,1,SYNTHETIC_DEVELOPMENT_SAMPLE
EXERCISE,11,0,20,0.93,RESCHEDULED,MODERATELY_ACTIVE,5.9,1.0,0,0,SYNTHETIC_DEVELOPMENT_SAMPLE
MEDITATION,6,1,45,0.8,COMPLETED,VERY_ACTIVE,7.8,1.0,1,1,SYNTHETIC_DEVELOPMENT_SAMPLE
MEDITATION,11,0,10,0.63,NONE,SEDENTARY,8.0,1.0,0,0,SYNTHETIC_DEVELOPMENT_SAMPLE
MEAL,21,1,20,0.44,COMPLETED,SEDENTARY,5.7,0.7,1,1,SYNTHETIC_DEVELOPMENT_SAMPLE
EXERCISE,20,5,45,0.64,SKIPPED,MODERATELY_ACTIVE,8.8,1.0,1,0,SYNTHETIC_DEVELOPMENT_SAMPLE
EXERCISE,12,3,15,0.38,RESCHEDULED,VERY_ACTIVE,6.7,1.0,0,0,SYNTHETIC_DEVELOPMENT_SAMPLE
EXERCISE,10,2,10,0.47,MISSED,MODERATELY_ACTIVE,7.3,1.0,0,1,SYNTHETIC_DEVELOPMENT_SAMPLE
BREAK,22,0,20,0.31,NONE,MODERATELY_ACTIVE,7.8,0.7,1,0,SYNTHETIC_DEVELOPMENT_SAMPLE
MEAL,15,4,30,0.59,NONE,MODERATELY_ACTIVE,8.7,0.7,0,0,SYNTHETIC_DEVELOPMENT_SAMPLE
EXERCISE,17,2,15,0.38,SKIPPED,MODERATELY_ACTIVE,6.9,1.0,1,0,SYNTHETIC_DEVELOPMENT_SAMPLE
EXERCISE,15,2,10,0.9,COMPLETED,MODERATELY_ACTIVE,5.5,1.0,0,0,SYNTHETIC_DEVELOPMENT_SAMPLE
HYDRATION,18,1,30,0.33,COMPLETED,LIGHTLY_ACTIVE,9.7,1.0,1,1,SYNTHETIC_DEVELOPMENT_SAMPLE
HYDRATION,13,1,30,0.48,RESCHEDULED,SEDENTARY,6.3,1.0,0,1,SYNTHETIC_DEVELOPMENT_SAMPLE
EXERCISE,15,4,20,0.78,SKIPPED,SEDENTARY,5.3,1.0,0,0,SYNTHETIC_DEVELOPMENT_SAMPLE
SLEEP_ROUTINE,19,2,15,0.86,SKIPPED,MODERATELY_ACTIVE,8.9,0.7,1,0,SYNTHETIC_DEVELOPMENT_SAMPLE
BREAK,20,2,20,0.37,MISSED,SEDENTARY,7.0,0.7,1,0,SYNTHETIC_DEVELOPMENT_SAMPLE
HYDRATION,18,3,20,0.52,RESCHEDULED,SEDENTARY,7.0,1.0,1,1,SYNTHETIC_DEVELOPMENT_SAMPLE
MEAL,9,3,20,0.56,NONE,SEDENTARY,8.0,0.7,0,1,SYNTHETIC_DEVELOPMENT_SAMPLE
EXERCISE,16,1,30,0.34,COMPLETED,LIGHTLY_ACTIVE,6.5,1.0,1,0,SYNTHETIC_DEVELOPMENT_SAMPLE
HYDRATION,15,6,45,0.92,MISSED,SEDENTARY,8.1,1.0,1,0,SYNTHETIC_DEVELOPMENT_SAMPLE
MEAL,6,6,30,0.33,RESCHEDULED,LIGHTLY_ACTIVE,8.2,0.7,1,0,SYNTHETIC_DEVELOPMENT_SAMPLE
MEAL,11,1,20,0.89,RESCHEDULED,LIGHTLY_ACTIVE,6.9,0.7,0,0,SYNTHETIC_DEVELOPMENT_SAMPLE
SLEEP_ROUTINE,17,5,20,0.92,RESCHEDULED,MODERATELY_ACTIVE,5.6,0.7,1,0,SYNTHETIC_DEVELOPMENT_SAMPLE
MEAL,9,1,20,0.75,SKIPPED,VERY_ACTIVE,4.7,0.7,0,0,SYNTHETIC_DEVELOPMENT_SAMPLE
MEDITATION,21,5,20,0.49,NONE,SEDENTARY,6.9,1.0,1,1,SYNTHETIC_DEVELOPMENT_SAMPLE
HYDRATION,18,2,45,0.86,MISSED,LIGHTLY_ACTIVE,7.8,1.0,1,0,SYNTHETIC_DEVELOPMENT_SAMPLE
MEDITATION,10,2,20,0.93,MISSED,LIGHTLY_ACTIVE,8.8,1.0,0,0,SYNTHETIC_DEVELOPMENT_SAMPLE
MEAL,15,5,20,0.76,MISSED,VERY_ACTIVE,6.5,0.7,1,1,SYNTHETIC_DEVELOPMENT_SAMPLE
HYDRATION,9,2,45,0.82,RESCHEDULED,MODERATELY_ACTIVE,8.7,1.0,0,0,SYNTHETIC_DEVELOPMENT_SAMPLE
MEDITATION,16,5,30,0.93,SKIPPED,SEDENTARY,6.4,1.0,1,1,SYNTHETIC_DEVELOPMENT_SAMPLE
MEDITATION,8,4,15,0.83,SKIPPED,LIGHTLY_ACTIVE,4.1,1.0,1,1,SYNTHETIC_DEVELOPMENT_SAMPLE
MEDITATION,11,0,15,0.77,NONE,VERY_ACTIVE,6.7,1.0,0,0,SYNTHETIC_DEVELOPMENT_SAMPLE
MEAL,15,6,45,0.56,NONE,LIGHTLY_ACTIVE,6.5,0.7,1,0,SYNTHETIC_DEVELOPMENT_SAMPLE
MEDITATION,21,4,15,0.68,MISSED,VERY_ACTIVE,6.7,1.0,1,0,SYNTHETIC_DEVELOPMENT_SAMPLE
MEDITATION,10,1,15,0.38,COMPLETED,LIGHTLY_ACTIVE,5.7,1.0,0,0,SYNTHETIC_DEVELOPMENT_SAMPLE
SLEEP_ROUTINE,12,4,45,0.78,RESCHEDULED,LIGHTLY_ACTIVE,5.0,0.7,0,0,SYNTHETIC_DEVELOPMENT_SAMPLE
HYDRATION,7,6,15,0.52,SKIPPED,MODERATELY_ACTIVE,7.9,1.0,1,1,SYNTHETIC_DEVELOPMENT_SAMPLE
BREAK,20,5,20,0.3,NONE,MODERATELY_ACTIVE,7.7,0.7,1,1,SYNTHETIC_DEVELOPMENT_SAMPLE
MEAL,10,5,20,0.4,COMPLETED,LIGHTLY_ACTIVE,8.8,0.7,1,0,SYNTHETIC_DEVELOPMENT_SAMPLE
EXERCISE,18,5,15,0.74,NONE,SEDENTARY,8.2,1.0,1,1,SYNTHETIC_DEVELOPMENT_SAMPLE
BREAK,9,0,60,0.37,COMPLETED,VERY_ACTIVE,7.4,0.7,0,0,SYNTHETIC_DEVELOPMENT_SAMPLE
MEDITATION,17,6,30,0.31,RESCHEDULED,VERY_ACTIVE,8.8,1.0,1,1,SYNTHETIC_DEVELOPMENT_SAMPLE
SLEEP_ROUTINE,16,6,10,0.88,RESCHEDULED,VERY_ACTIVE,7.1,0.7,1,1,SYNTHETIC_DEVELOPMENT_SAMPLE
EXERCISE,22,0,20,0.42,COMPLETED,MODERATELY_ACTIVE,6.8,1.0,1,0,SYNTHETIC_DEVELOPMENT_SAMPLE
SLEEP_ROUTINE,17,4,10,0.35,NONE,LIGHTLY_ACTIVE,8.2,0.7,1,1,SYNTHETIC_DEVELOPMENT_SAMPLE
HYDRATION,10,4,30,0.85,MISSED,SEDENTARY,6.9,1.0,0,0,SYNTHETIC_DEVELOPMENT_SAMPLE
HYDRATION,14,5,30,0.44,RESCHEDULED,SEDENTARY,7.3,1.0,1,1,SYNTHETIC_DEVELOPMENT_SAMPLE
EXERCISE,21,6,30,0.7,MISSED,LIGHTLY_ACTIVE,8.3,1.0,1,0,SYNTHETIC_DEVELOPMENT_SAMPLE
BREAK,8,6,10,0.41,MISSED,VERY_ACTIVE,7.6,0.7,1,1,SYNTHETIC_DEVELOPMENT_SAMPLE
HYDRATION,13,0,20,0.34,MISSED,SEDENTARY,7.1,1.0,0,0,SYNTHETIC_DEVELOPMENT_SAMPLE
MEAL,19,4,20,0.81,RESCHEDULED,VERY_ACTIVE,8.5,0.7,1,1,SYNTHETIC_DEVELOPMENT_SAMPLE
MEDITATION,16,3,10,0.32,SKIPPED,SEDENTARY,7.9,1.0,1,1,SYNTHETIC_DEVELOPMENT_SAMPLE
MEAL,21,2,30,0.62,COMPLETED,VERY_ACTIVE,7.7,0.7,1,1,SYNTHETIC_DEVELOPMENT_SAMPLE
MEDITATION,14,4,20,0.64,COMPLETED,VERY_ACTIVE,6.7,1.0,0,1,SYNTHETIC_DEVELOPMENT_SAMPLE
MEAL,9,1,30,0.93,COMPLETED,LIGHTLY_ACTIVE,8.4,0.7,0,1,SYNTHETIC_DEVELOPMENT_SAMPLE
EXERCISE,20,1,20,0.55,SKIPPED,MODERATELY_ACTIVE,7.7,1.0,1,1,SYNTHETIC_DEVELOPMENT_SAMPLE
MEAL,18,2,10,0.84,RESCHEDULED,LIGHTLY_ACTIVE,5.5,0.7,1,0,SYNTHETIC_DEVELOPMENT_SAMPLE
MEDITATION,17,2,60,0.8,MISSED,MODERATELY_ACTIVE,8.3,1.0,1,0,SYNTHETIC_DEVELOPMENT_SAMPLE
MEAL,21,6,20,0.51,NONE,SEDENTARY,8.0,0.7,1,1,SYNTHETIC_DEVELOPMENT_SAMPLE
MEAL,11,6,20,0.34,RESCHEDULED,LIGHTLY_ACTIVE,4.6,0.7,1,0,SYNTHETIC_DEVELOPMENT_SAMPLE
HYDRATION,13,2,30,0.4,NONE,VERY_ACTIVE,7.6,1.0,0,1,SYNTHETIC_DEVELOPMENT_SAMPLE
EXERCISE,20,5,10,0.5,MISSED,MODERATELY_ACTIVE,6.9,1.0,1,0,SYNTHETIC_DEVELOPMENT_SAMPLE
EXERCISE,13,3,15,0.59,MISSED,VERY_ACTIVE,6.8,1.0,0,0,SYNTHETIC_DEVELOPMENT_SAMPLE
MEDITATION,18,0,20,0.47,RESCHEDULED,LIGHTLY_ACTIVE,5.9,1.0,1,0,SYNTHETIC_DEVELOPMENT_SAMPLE
SLEEP_ROUTINE,22,6,30,0.9,COMPLETED,LIGHTLY_ACTIVE,6.3,0.7,1,1,SYNTHETIC_DEVELOPMENT_SAMPLE
BREAK,13,4,60,0.89,COMPLETED,LIGHTLY_ACTIVE,6.7,0.7,0,0,SYNTHETIC_DEVELOPMENT_SAMPLE
MEDITATION,11,6,15,0.48,RESCHEDULED,VERY_ACTIVE,5.3,1.0,1,0,SYNTHETIC_DEVELOPMENT_SAMPLE
SLEEP_ROUTINE,6,1,30,0.92,NONE,SEDENTARY,7.0,0.7,1,1,SYNTHETIC_DEVELOPMENT_SAMPLE
EXERCISE,10,6,30,0.31,SKIPPED,VERY_ACTIVE,6.1,1.0,1,1,SYNTHETIC_DEVELOPMENT_SAMPLE
HYDRATION,22,4,45,0.42,RESCHEDULED,LIGHTLY_ACTIVE,7.2,1.0,1,1,SYNTHETIC_DEVELOPMENT_SAMPLE
MEDITATION,17,2,15,0.48,SKIPPED,LIGHTLY_ACTIVE,7.4,1.0,1,1,SYNTHETIC_DEVELOPMENT_SAMPLE
HYDRATION,22,4,20,0.93,COMPLETED,SEDENTARY,7.0,1.0,1,1,SYNTHETIC_DEVELOPMENT_SAMPLE
EXERCISE,17,4,60,0.9,RESCHEDULED,MODERATELY_ACTIVE,8.4,1.0,1,1,SYNTHETIC_DEVELOPMENT_SAMPLE
MEAL,10,5,10,0.62,COMPLETED,MODERATELY_ACTIVE,8.0,0.7,1,0,SYNTHETIC_DEVELOPMENT_SAMPLE
BREAK,8,0,20,0.68,SKIPPED,MODERATELY_ACTIVE,8.5,0.7,1,1,SYNTHETIC_DEVELOPMENT_SAMPLE
MEDITATION,7,3,30,0.83,MISSED,VERY_ACTIVE,7.6,1.0,1,1,SYNTHETIC_DEVELOPMENT_SAMPLE
MEDITATION,17,4,10,0.89,NONE,MODERATELY_ACTIVE,4.2,1.0,1,0,SYNTHETIC_DEVELOPMENT_SAMPLE
MEAL,19,1,30,0.34,RESCHEDULED,MODERATELY_ACTIVE,8.2,0.7,1,0,SYNTHETIC_DEVELOPMENT_SAMPLE
BREAK,16,2,20,0.9,NONE,SEDENTARY,5.7,0.7,1,1,SYNTHETIC_DEVELOPMENT_SAMPLE
MEDITATION,21,0,20,0.49,SKIPPED,LIGHTLY_ACTIVE,6.1,1.0,1,1,SYNTHETIC_DEVELOPMENT_SAMPLE
EXERCISE,8,0,10,0.31,COMPLETED,MODERATELY_ACTIVE,7.8,1.0,1,1,SYNTHETIC_DEVELOPMENT_SAMPLE
HYDRATION,14,4,20,0.5,RESCHEDULED,MODERATELY_ACTIVE,8.0,1.0,0,0,SYNTHETIC_DEVELOPMENT_SAMPLE
EXERCISE,16,4,10,0.54,COMPLETED,MODERATELY_ACTIVE,9.0,1.0,1,1,SYNTHETIC_DEVELOPMENT_SAMPLE
MEAL,15,3,20,0.71,MISSED,SEDENTARY,5.7,0.7,0,0,SYNTHETIC_DEVELOPMENT_SAMPLE
MEDITATION,6,1,10,0.45,RESCHEDULED,LIGHTLY_ACTIVE,7.1,1.0,1,1,SYNTHETIC_DEVELOPMENT_SAMPLE
EXERCISE,6,3,15,0.63,MISSED,LIGHTLY_ACTIVE,7.3,1.0,1,1,SYNTHETIC_DEVELOPMENT_SAMPLE
SLEEP_ROUTINE,12,2,20,0.46,NONE,SEDENTARY,6.9,0.7,0,0,SYNTHETIC_DEVELOPMENT_SAMPLE
BREAK,8,2,20,0.92,MISSED,MODERATELY_ACTIVE,6.8,0.7,1,1,SYNTHETIC_DEVELOPMENT_SAMPLE
MEAL,9,4,20,0.62,NONE,VERY_ACTIVE,8.2,0.7,0,1,SYNTHETIC_DEVELOPMENT_SAMPLE
HYDRATION,17,4,15,0.57,RESCHEDULED,VERY_ACTIVE,5.0,1.0,1,1,SYNTHETIC_DEVELOPMENT_SAMPLE
MEAL,21,1,45,0.58,MISSED,MODERATELY_ACTIVE,8.6,0.7,1,0,SYNTHETIC_DEVELOPMENT_SAMPLE
BREAK,19,1,10,0.41,SKIPPED,LIGHTLY_ACTIVE,10.0,0.7,1,1,SYNTHETIC_DEVELOPMENT_SAMPLE
EXERCISE,15,2,30,0.65,NONE,MODERATELY_ACTIVE,8.2,1.0,0,1,SYNTHETIC_DEVELOPMENT_SAMPLE
SLEEP_ROUTINE,16,6,20,0.75,MISSED,VERY_ACTIVE,5.6,0.7,1,0,SYNTHETIC_DEVELOPMENT_SAMPLE
MEAL,15,0,15,0.31,SKIPPED,LIGHTLY_ACTIVE,8.5,0.7,0,0,SYNTHETIC_DEVELOPMENT_SAMPLE
BREAK,17,3,20,0.6,COMPLETED,LIGHTLY_ACTIVE,8.7,0.7,1,0,SYNTHETIC_DEVELOPMENT_SAMPLE
HYDRATION,18,2,45,0.74,MISSED,VERY_ACTIVE,7.9,1.0,1,1,SYNTHETIC_DEVELOPMENT_SAMPLE
MEAL,7,1,30,0.78,MISSED,VERY_ACTIVE,7.7,0.7,1,0,SYNTHETIC_DEVELOPMENT_SAMPLE
HYDRATION,7,6,30,0.91,RESCHEDULED,VERY_ACTIVE,6.9,1.0,1,1,SYNTHETIC_DEVELOPMENT_SAMPLE
HYDRATION,16,4,15,0.82,RESCHEDULED,VERY_ACTIVE,7.0,1.0,1,1,SYNTHETIC_DEVELOPMENT_SAMPLE
EXERCISE,18,4,15,0.4,SKIPPED,SEDENTARY,5.0,1.0,1,1,SYNTHETIC_DEVELOPMENT_SAMPLE
MEAL,9,2,20,0.91,MISSED,LIGHTLY_ACTIVE,6.3,0.7,0,0,SYNTHETIC_DEVELOPMENT_SAMPLE
SLEEP_ROUTINE,15,2,15,0.51,COMPLETED,LIGHTLY_ACTIVE,8.0,0.7,0,0,SYNTHETIC_DEVELOPMENT_SAMPLE
EXERCISE,16,5,10,0.32,NONE,LIGHTLY_ACTIVE,8.3,1.0,1,0,SYNTHETIC_DEVELOPMENT_SAMPLE
MEAL,17,6,30,0.52,NONE,SEDENTARY,7.3,0.7,1,1,SYNTHETIC_DEVELOPMENT_SAMPLE
HYDRATION,15,5,45,0.5,NONE,SEDENTARY,5.9,1.0,1,0,SYNTHETIC_DEVELOPMENT_SAMPLE
HYDRATION,8,1,45,0.34,SKIPPED,VERY_ACTIVE,10.0,1.0,1,1,SYNTHETIC_DEVELOPMENT_SAMPLE
MEDITATION,7,3,20,0.38,NONE,SEDENTARY,6.3,1.0,1,1,SYNTHETIC_DEVELOPMENT_SAMPLE
BREAK,19,3,20,0.8,SKIPPED,VERY_ACTIVE,8.2,0.7,1,1,SYNTHETIC_DEVELOPMENT_SAMPLE
MEAL,12,2,10,0.7,COMPLETED,VERY_ACTIVE,7.4,0.7,0,0,SYNTHETIC_DEVELOPMENT_SAMPLE
MEAL,12,4,20,0.5,SKIPPED,VERY_ACTIVE,6.9,0.7,0,0,SYNTHETIC_DEVELOPMENT_SAMPLE
MEDITATION,11,0,20,0.34,MISSED,LIGHTLY_ACTIVE,8.0,1.0,0,1,SYNTHETIC_DEVELOPMENT_SAMPLE
MEAL,13,5,30,0.53,NONE,LIGHTLY_ACTIVE,7.2,0.7,1,1,SYNTHETIC_DEVELOPMENT_SAMPLE
EXERCISE,7,3,30,0.91,SKIPPED,LIGHTLY_ACTIVE,6.5,1.0,1,0,SYNTHETIC_DEVELOPMENT_SAMPLE
MEAL,22,0,45,0.59,NONE,MODERATELY_ACTIVE,7.1,0.7,1,0,SYNTHETIC_DEVELOPMENT_SAMPLE
EXERCISE,12,2,30,0.86,RESCHEDULED,LIGHTLY_ACTIVE,8.1,1.0,0,0,SYNTHETIC_DEVELOPMENT_SAMPLE
MEAL,8,6,10,0.74,NONE,MODERATELY_ACTIVE,7.8,0.7,1,1,SYNTHETIC_DEVELOPMENT_SAMPLE
EXERCISE,20,1,45,0.41,COMPLETED,SEDENTARY,6.6,1.0,1,0,SYNTHETIC_DEVELOPMENT_SAMPLE
SLEEP_ROUTINE,11,5,30,0.5,RESCHEDULED,LIGHTLY_ACTIVE,7.1,0.7,1,0,SYNTHETIC_DEVELOPMENT_SAMPLE
BREAK,17,6,20,0.63,COMPLETED,MODERATELY_ACTIVE,4.8,0.7,1,1,SYNTHETIC_DEVELOPMENT_SAMPLE
MEDITATION,9,3,20,0.65,NONE,VERY_ACTIVE,7.6,1.0,0,0,SYNTHETIC_DEVELOPMENT_SAMPLE
EXERCISE,7,6,30,0.87,SKIPPED,VERY_ACTIVE,7.2,1.0,1,0,SYNTHETIC_DEVELOPMENT_SAMPLE
SLEEP_ROUTINE,22,4,20,0.64,MISSED,SEDENTARY,6.2,0.7,1,0,SYNTHETIC_DEVELOPMENT_SAMPLE
MEAL,16,0,10,0.69,COMPLETED,MODERATELY_ACTIVE,6.2,0.7,1,0,SYNTHETIC_DEVELOPMENT_SAMPLE
HYDRATION,11,6,15,0.4,RESCHEDULED,VERY_ACTIVE,6.8,1.0,1,1,SYNTHETIC_DEVELOPMENT_SAMPLE
HYDRATION,6,1,30,0.93,COMPLETED,MODERATELY_ACTIVE,8.4,1.0,1,1,SYNTHETIC_DEVELOPMENT_SAMPLE
EXERCISE,10,6,60,0.66,COMPLETED,VERY_ACTIVE,6.5,1.0,1,1,SYNTHETIC_DEVELOPMENT_SAMPLE
EXERCISE,7,6,30,0.87,SKIPPED,LIGHTLY_ACTIVE,5.5,1.0,1,0,SYNTHETIC_DEVELOPMENT_SAMPLE
HYDRATION,20,6,20,0.73,NONE,SEDENTARY,7.6,1.0,1,1,SYNTHETIC_DEVELOPMENT_SAMPLE
SLEEP_ROUTINE,14,6,15,0.58,COMPLETED,VERY_ACTIVE,5.3,0.7,1,1,SYNTHETIC_DEVELOPMENT_SAMPLE
MEAL,14,3,15,0.77,RESCHEDULED,SEDENTARY,8.0,0.7,0,0,SYNTHETIC_DEVELOPMENT_SAMPLE
MEAL,21,1,20,0.31,RESCHEDULED,MODERATELY_ACTIVE,7.9,0.7,1,1,SYNTHETIC_DEVELOPMENT_SAMPLE
MEAL,6,4,15,0.52,RESCHEDULED,VERY_ACTIVE,7.0,0.7,1,1,SYNTHETIC_DEVELOPMENT_SAMPLE
BREAK,18,0,20,0.67,NONE,LIGHTLY_ACTIVE,9.3,0.7,1,1,SYNTHETIC_DEVELOPMENT_SAMPLE
MEAL,22,0,20,0.41,NONE,MODERATELY_ACTIVE,7.4,0.7,1,0,SYNTHETIC_DEVELOPMENT_SAMPLE
BREAK,22,0,30,0.89,MISSED,LIGHTLY_ACTIVE,7.3,0.7,1,1,SYNTHETIC_DEVELOPMENT_SAMPLE
SLEEP_ROUTINE,9,3,10,0.87,SKIPPED,VERY_ACTIVE,6.8,0.7,0,0,SYNTHETIC_DEVELOPMENT_SAMPLE
MEDITATION,21,4,10,0.48,SKIPPED,LIGHTLY_ACTIVE,6.7,1.0,1,1,SYNTHETIC_DEVELOPMENT_SAMPLE
MEDITATION,22,5,30,0.44,NONE,LIGHTLY_ACTIVE,7.3,1.0,1,1,SYNTHETIC_DEVELOPMENT_SAMPLE
MEAL,14,2,20,0.64,RESCHEDULED,VERY_ACTIVE,6.4,0.7,0,0,SYNTHETIC_DEVELOPMENT_SAMPLE
BREAK,20,0,20,0.91,MISSED,MODERATELY_ACTIVE,6.8,0.7,1,0,SYNTHETIC_DEVELOPMENT_SAMPLE
SLEEP_ROUTINE,21,6,30,0.48,RESCHEDULED,MODERATELY_ACTIVE,8.4,0.7,1,1,SYNTHETIC_DEVELOPMENT_SAMPLE
MEAL,16,5,30,0.84,SKIPPED,VERY_ACTIVE,6.8,0.7,1,0,SYNTHETIC_DEVELOPMENT_SAMPLE
EXERCISE,6,0,30,0.78,NONE,LIGHTLY_ACTIVE,6.7,1.0,1,0,SYNTHETIC_DEVELOPMENT_SAMPLE
MEAL,10,3,15,0.7,RESCHEDULED,LIGHTLY_ACTIVE,9.1,0.7,0,0,SYNTHETIC_DEVELOPMENT_SAMPLE
MEAL,13,6,10,0.59,COMPLETED,MODERATELY_ACTIVE,7.3,0.7,1,1,SYNTHETIC_DEVELOPMENT_SAMPLE
MEAL,8,6,30,0.39,SKIPPED,VERY_ACTIVE,8.8,0.7,1,1,SYNTHETIC_DEVELOPMENT_SAMPLE
SLEEP_ROUTINE,10,0,30,0.91,NONE,VERY_ACTIVE,4.7,0.7,0,0,SYNTHETIC_DEVELOPMENT_SAMPLE
MEAL,17,2,20,0.66,SKIPPED,SEDENTARY,9.7,0.7,1,0,SYNTHETIC_DEVELOPMENT_SAMPLE
HYDRATION,18,0,45,0.77,MISSED,LIGHTLY_ACTIVE,7.4,1.0,1,1,SYNTHETIC_DEVELOPMENT_SAMPLE
HYDRATION,19,3,15,0.68,MISSED,LIGHTLY_ACTIVE,7.3,1.0,1,1,SYNTHETIC_DEVELOPMENT_SAMPLE
HYDRATION,13,3,20,0.69,SKIPPED,LIGHTLY_ACTIVE,7.7,1.0,0,1,SYNTHETIC_DEVELOPMENT_SAMPLE
MEAL,10,4,30,0.81,SKIPPED,VERY_ACTIVE,5.9,0.7,0,0,SYNTHETIC_DEVELOPMENT_SAMPLE
SLEEP_ROUTINE,9,4,15,0.73,NONE,SEDENTARY,6.0,0.7,0,0,SYNTHETIC_DEVELOPMENT_SAMPLE
MEAL,19,0,60,0.83,COMPLETED,MODERATELY_ACTIVE,9.2,0.7,1,1,SYNTHETIC_DEVELOPMENT_SAMPLE
MEDITATION,9,6,20,0.32,MISSED,SEDENTARY,6.2,1.0,1,1,SYNTHETIC_DEVELOPMENT_SAMPLE
HYDRATION,13,4,10,0.58,COMPLETED,LIGHTLY_ACTIVE,6.4,1.0,0,1,SYNTHETIC_DEVELOPMENT_SAMPLE
HYDRATION,14,5,60,0.45,COMPLETED,SEDENTARY,10.0,1.0,1,0,SYNTHETIC_DEVELOPMENT_SAMPLE
MEAL,11,2,30,0.65,MISSED,LIGHTLY_ACTIVE,5.5,0.7,0,0,SYNTHETIC_DEVELOPMENT_SAMPLE
BREAK,12,3,20,0.61,MISSED,SEDENTARY,7.2,0.7,0,0,SYNTHETIC_DEVELOPMENT_SAMPLE
HYDRATION,17,5,45,0.91,NONE,VERY_ACTIVE,6.2,1.0,1,1,SYNTHETIC_DEVELOPMENT_SAMPLE
EXERCISE,21,5,20,0.89,NONE,VERY_ACTIVE,7.4,1.0,1,1,SYNTHETIC_DEVELOPMENT_SAMPLE
MEDITATION,16,2,20,0.64,RESCHEDULED,MODERATELY_ACTIVE,6.2,1.0,1,0,SYNTHETIC_DEVELOPMENT_SAMPLE
MEAL,8,3,45,0.6,SKIPPED,VERY_ACTIVE,7.1,0.7,1,1,SYNTHETIC_DEVELOPMENT_SAMPLE
MEAL,17,1,30,0.75,RESCHEDULED,SEDENTARY,7.2,0.7,1,1,SYNTHETIC_DEVELOPMENT_SAMPLE
MEAL,19,4,15,0.5,RESCHEDULED,VERY_ACTIVE,8.0,0.7,1,1,SYNTHETIC_DEVELOPMENT_SAMPLE
SLEEP_ROUTINE,11,2,60,0.47,RESCHEDULED,MODERATELY_ACTIVE,7.6,0.7,0,0,SYNTHETIC_DEVELOPMENT_SAMPLE
MEAL,15,6,15,0.8,MISSED,MODERATELY_ACTIVE,7.9,0.7,1,1,SYNTHETIC_DEVELOPMENT_SAMPLE
EXERCISE,13,4,30,0.45,NONE,VERY_ACTIVE,7.3,1.0,0,0,SYNTHETIC_DEVELOPMENT_SAMPLE
MEDITATION,22,6,60,0.88,RESCHEDULED,LIGHTLY_ACTIVE,7.7,1.0,1,1,SYNTHETIC_DEVELOPMENT_SAMPLE
SLEEP_ROUTINE,19,3,30,0.56,RESCHEDULED,LIGHTLY_ACTIVE,7.7,0.7,1,1,SYNTHETIC_DEVELOPMENT_SAMPLE
MEAL,6,4,20,0.73,NONE,SEDENTARY,7.2,0.7,1,1,SYNTHETIC_DEVELOPMENT_SAMPLE
EXERCISE,6,6,15,0.52,NONE,LIGHTLY_ACTIVE,6.8,1.0,1,1,SYNTHETIC_DEVELOPMENT_SAMPLE
MEDITATION,17,5,15,0.53,NONE,LIGHTLY_ACTIVE,7.7,1.0,1,0,SYNTHETIC_DEVELOPMENT_SAMPLE
MEAL,16,6,20,0.72,MISSED,VERY_ACTIVE,9.3,0.7,1,1,SYNTHETIC_DEVELOPMENT_SAMPLE
SLEEP_ROUTINE,7,4,20,0.42,COMPLETED,VERY_ACTIVE,6.3,0.7,1,1,SYNTHETIC_DEVELOPMENT_SAMPLE
SLEEP_ROUTINE,20,6,30,0.59,NONE,VERY_ACTIVE,8.0,0.7,1,1,SYNTHETIC_DEVELOPMENT_SAMPLE
EXERCISE,11,1,30,0.52,NONE,MODERATELY_ACTIVE,7.8,1.0,0,1,SYNTHETIC_DEVELOPMENT_SAMPLE
BREAK,9,0,15,0.56,MISSED,VERY_ACTIVE,7.9,0.7,0,0,SYNTHETIC_DEVELOPMENT_SAMPLE
EXERCISE,6,1,10,0.81,RESCHEDULED,MODERATELY_ACTIVE,7.5,1.0,1,0,SYNTHETIC_DEVELOPMENT_SAMPLE
MEAL,11,4,15,0.49,MISSED,LIGHTLY_ACTIVE,7.0,0.7,0,0,SYNTHETIC_DEVELOPMENT_SAMPLE
SLEEP_ROUTINE,15,3,30,0.42,NONE,VERY_ACTIVE,7.1,0.7,0,0,SYNTHETIC_DEVELOPMENT_SAMPLE
MEAL,18,3,10,0.42,COMPLETED,MODERATELY_ACTIVE,7.0,0.7,1,0,SYNTHETIC_DEVELOPMENT_SAMPLE
MEAL,12,3,45,0.83,NONE,LIGHTLY_ACTIVE,6.5,0.7,0,0,SYNTHETIC_DEVELOPMENT_SAMPLE
HYDRATION,12,0,30,0.65,RESCHEDULED,VERY_ACTIVE,7.0,1.0,0,0,SYNTHETIC_DEVELOPMENT_SAMPLE
MEDITATION,8,2,30,0.31,SKIPPED,SEDENTARY,5.5,1.0,1,1,SYNTHETIC_DEVELOPMENT_SAMPLE
EXERCISE,11,3,15,0.74,COMPLETED,SEDENTARY,6.6,1.0,0,1,SYNTHETIC_DEVELOPMENT_SAMPLE
MEAL,18,2,30,0.39,NONE,MODERATELY_ACTIVE,7.3,0.7,1,0,SYNTHETIC_DEVELOPMENT_SAMPLE
MEAL,21,1,10,0.48,RESCHEDULED,MODERATELY_ACTIVE,8.1,0.7,1,1,SYNTHETIC_DEVELOPMENT_SAMPLE
HYDRATION,22,4,20,0.75,RESCHEDULED,LIGHTLY_ACTIVE,7.0,1.0,1,1,SYNTHETIC_DEVELOPMENT_SAMPLE
HYDRATION,21,6,60,0.31,RESCHEDULED,SEDENTARY,5.8,1.0,1,0,SYNTHETIC_DEVELOPMENT_SAMPLE
EXERCISE,19,3,30,0.88,MISSED,VERY_ACTIVE,6.7,1.0,1,1,SYNTHETIC_DEVELOPMENT_SAMPLE
SLEEP_ROUTINE,22,0,15,0.74,NONE,VERY_ACTIVE,7.9,0.7,1,0,SYNTHETIC_DEVELOPMENT_SAMPLE
MEAL,9,0,60,0.9,RESCHEDULED,SEDENTARY,4.5,0.7,0,0,SYNTHETIC_DEVELOPMENT_SAMPLE
HYDRATION,6,6,15,0.69,NONE,VERY_ACTIVE,7.4,1.0,1,1,SYNTHETIC_DEVELOPMENT_SAMPLE
EXERCISE,18,1,10,0.49,SKIPPED,SEDENTARY,7.2,1.0,1,1,SYNTHETIC_DEVELOPMENT_SAMPLE
MEDITATION,11,3,20,0.6,SKIPPED,MODERATELY_ACTIVE,4.5,1.0,0,0,SYNTHETIC_DEVELOPMENT_SAMPLE
EXERCISE,10,2,30,0.66,RESCHEDULED,SEDENTARY,6.4,1.0,0,1,SYNTHETIC_DEVELOPMENT_SAMPLE
MEAL,11,2,15,0.65,NONE,VERY_ACTIVE,4.5,0.7,0,0,SYNTHETIC_DEVELOPMENT_SAMPLE
HYDRATION,22,4,15,0.61,SKIPPED,SEDENTARY,6.4,1.0,1,1,SYNTHETIC_DEVELOPMENT_SAMPLE
BREAK,18,3,60,0.41,COMPLETED,SEDENTARY,6.2,0.7,1,0,SYNTHETIC_DEVELOPMENT_SAMPLE
BREAK,18,4,30,0.57,MISSED,MODERATELY_ACTIVE,8.7,0.7,1,1,SYNTHETIC_DEVELOPMENT_SAMPLE
MEAL,9,6,15,0.6,SKIPPED,VERY_ACTIVE,7.9,0.7,1,1,SYNTHETIC_DEVELOPMENT_SAMPLE
EXERCISE,15,3,60,0.38,MISSED,MODERATELY_ACTIVE,8.2,1.0,0,0,SYNTHETIC_DEVELOPMENT_SAMPLE
SLEEP_ROUTINE,15,3,20,0.75,NONE,LIGHTLY_ACTIVE,8.8,0.7,0,0,SYNTHETIC_DEVELOPMENT_SAMPLE
EXERCISE,17,4,30,0.76,SKIPPED,SEDENTARY,8.6,1.0,1,1,SYNTHETIC_DEVELOPMENT_SAMPLE
MEDITATION,6,2,15,0.43,RESCHEDULED,VERY_ACTIVE,6.9,1.0,1,1,SYNTHETIC_DEVELOPMENT_SAMPLE
HYDRATION,20,0,15,0.4,NONE,VERY_ACTIVE,5.8,1.0,1,1,SYNTHETIC_DEVELOPMENT_SAMPLE
BREAK,9,5,30,0.73,SKIPPED,VERY_ACTIVE,7.4,0.7,1,1,SYNTHETIC_DEVELOPMENT_SAMPLE
HYDRATION,11,4,15,0.89,NONE,LIGHTLY_ACTIVE,7.3,1.0,0,0,SYNTHETIC_DEVELOPMENT_SAMPLE
EXERCISE,12,4,20,0.84,RESCHEDULED,MODERATELY_ACTIVE,8.3,1.0,0,0,SYNTHETIC_DEVELOPMENT_SAMPLE
EXERCISE,13,0,20,0.56,MISSED,MODERATELY_ACTIVE,7.7,1.0,0,0,SYNTHETIC_DEVELOPMENT_SAMPLE
EXERCISE,20,2,20,0.78,MISSED,VERY_ACTIVE,7.4,1.0,1,1,SYNTHETIC_DEVELOPMENT_SAMPLE
MEAL,22,2,60,0.92,NONE,LIGHTLY_ACTIVE,7.6,0.7,1,1,SYNTHETIC_DEVELOPMENT_SAMPLE
EXERCISE,8,5,10,0.58,SKIPPED,MODERATELY_ACTIVE,6.3,1.0,1,1,SYNTHETIC_DEVELOPMENT_SAMPLE
MEAL,15,1,10,0.54,NONE,MODERATELY_ACTIVE,7.4,0.7,0,0,SYNTHETIC_DEVELOPMENT_SAMPLE
EXERCISE,6,3,15,0.45,NONE,VERY_ACTIVE,9.0,1.0,1,0,SYNTHETIC_DEVELOPMENT_SAMPLE
